2026/09/25 14:19:42.734, 2190 MHz, [N/A], 8.95 W, 51, 0 %
2026/09/25 14:19:43.240, 2190 MHz, [N/A], 8.96 W, 51, 0 %
2026/09/25 14:19:43.740, 2190 MHz, [N/A], 8.88 W, 51, 0 %
2026/09/25 14:19:44.240, 2190 MHz, [N/A], 8.63 W, 51, 0 %
2026/09/25 14:19:44.741, 2190 MHz, [N/A], 8.60 W, 51, 0 %
2026/09/25 14:19:45.242, 214 MHz, [N/A], 6.93 W, 50, 0 %
2026/09/25 14:19:45.742, 208 MHz, [N/A], 4.98 W, 50, 0 %
2026/09/25 14:19:46.242, 208 MHz, [N/A], 4.67 W, 50, 0 %
2026/09/25 14:19:46.743, 208 MHz, [N/A], 4.69 W, 50, 0 %
2026/09/25 14:19:47.243, 208 MHz, [N/A], 4.69 W, 50, 0 %
2026/09/25 14:19:47.743, 214 MHz, [N/A], 4.15 W, 50, 0 %
2026/09/25 14:19:48.243, 208 MHz, [N/A], 4.11 W, 50, 0 %
2026/09/25 14:19:48.743, 208 MHz, [N/A], 4.04 W, 50, 0 %
2026/09/25 14:19:49.244, 208 MHz, [N/A], 4.04 W, 50, 0 %
2026/09/25 14:19:49.744, 208 MHz, [N/A], 4.04 W, 50, 0 %
2026/09/25 14:19:50.244, 2190 MHz, [N/A], 5.38 W, 50, 0 %
2026/09/25 14:19:50.745, 2190 MHz, [N/A], 6.25 W, 50, 0 %
2026/09/25 14:19:51.245, 2190 MHz, [N/A], 12.09 W, 52, 0 %
2026/09/25 14:19:51.746, 2190 MHz, [N/A], 13.12 W, 50, 0 %
2026/09/25 14:19:52.246, 2190 MHz, [N/A], 9.89 W, 50, 0 %
