timestamp, clocks.current.sm [MHz], clocks.current.memory [MHz], power.draw [W], utilization.gpu [%], temperature.gpu
2026/09/25 15:53:56.150, 2190 MHz, [N/A], 8.63 W, 0 %, 46
2026/09/25 15:53:56.406, 2190 MHz, [N/A], 8.63 W, 0 %, 46
2026/09/25 15:53:56.656, 2190 MHz, [N/A], 8.65 W, 0 %, 46
2026/09/25 15:53:56.906, 2190 MHz, [N/A], 8.65 W, 0 %, 46
2026/09/25 15:53:57.157, 2190 MHz, [N/A], 7.69 W, 0 %, 45
2026/09/25 15:53:57.407, 2190 MHz, [N/A], 7.69 W, 0 %, 45
2026/09/25 15:53:57.657, 227 MHz, [N/A], 5.74 W, 0 %, 45
2026/09/25 15:53:57.908, 227 MHz, [N/A], 5.74 W, 0 %, 45
2026/09/25 15:53:58.159, 208 MHz, [N/A], 4.46 W, 0 %, 45
2026/09/25 15:53:58.409, 208 MHz, [N/A], 4.46 W, 0 %, 45
2026/09/25 15:53:58.660, 208 MHz, [N/A], 4.44 W, 0 %, 45
2026/09/25 15:53:58.910, 208 MHz, [N/A], 4.44 W, 0 %, 45
2026/09/25 15:53:59.160, 208 MHz, [N/A], 4.45 W, 0 %, 45
2026/09/25 15:53:59.411, 208 MHz, [N/A], 4.45 W, 0 %, 45
2026/09/25 15:53:59.661, 208 MHz, [N/A], 4.45 W, 0 %, 45
2026/09/25 15:53:59.912, 208 MHz, [N/A], 4.45 W, 0 %, 45
2026/09/25 15:54:00.163, 208 MHz, [N/A], 4.45 W, 0 %, 45
2026/09/25 15:54:00.413, 208 MHz, [N/A], 4.45 W, 0 %, 45
2026/09/25 15:54:00.663, 208 MHz, [N/A], 4.14 W, 0 %, 45
2026/09/25 15:54:00.914, 208 MHz, [N/A], 4.14 W, 0 %, 45
2026/09/25 15:54:01.164, 208 MHz, [N/A], 4.14 W, 0 %, 45
2026/09/25 15:54:01.415, 208 MHz, [N/A], 4.14 W, 0 %, 45
2026/09/25 15:54:01.665, 208 MHz, [N/A], 4.16 W, 0 %, 45
2026/09/25 15:54:01.915, 208 MHz, [N/A], 4.16 W, 0 %, 45
2026/09/25 15:54:02.166, 208 MHz, [N/A], 4.20 W, 0 %, 45
2026/09/25 15:54:02.417, 208 MHz, [N/A], 4.20 W, 0 %, 45
2026/09/25 15:54:02.667, 208 MHz, [N/A], 4.20 W, 0 %, 45
2026/09/25 15:54:02.917, 208 MHz, [N/A], 4.20 W, 0 %, 45
2026/09/25 15:54:03.168, 208 MHz, [N/A], 4.20 W, 0 %, 45
2026/09/25 15:54:03.418, 208 MHz, [N/A], 4.20 W, 0 %, 45
2026/09/25 15:54:03.668, 208 MHz, [N/A], 4.10 W, 0 %, 45
2026/09/25 15:54:03.919, 208 MHz, [N/A], 4.10 W, 0 %, 45
2026/09/25 15:54:04.169, 208 MHz, [N/A], 4.10 W, 0 %, 45
2026/09/25 15:54:04.419, 208 MHz, [N/A], 4.10 W, 0 %, 45
2026/09/25 15:54:04.669, 208 MHz, [N/A], 4.26 W, 0 %, 45
2026/09/25 15:54:04.919, 208 MHz, [N/A], 4.26 W, 0 %, 45
2026/09/25 15:54:05.170, 208 MHz, [N/A], 4.27 W, 0 %, 45
2026/09/25 15:54:05.420, 208 MHz, [N/A], 4.27 W, 0 %, 45
2026/09/25 15:54:05.670, 208 MHz, [N/A], 4.31 W, 0 %, 45
2026/09/25 15:54:05.920, 208 MHz, [N/A], 4.31 W, 0 %, 45
2026/09/25 15:54:06.171, 208 MHz, [N/A], 4.31 W, 0 %, 45
2026/09/25 15:54:06.421, 208 MHz, [N/A], 4.31 W, 0 %, 45
2026/09/25 15:54:06.671, 208 MHz, [N/A], 4.18 W, 0 %, 45
2026/09/25 15:54:06.922, 208 MHz, [N/A], 4.18 W, 0 %, 45
2026/09/25 15:54:07.172, 208 MHz, [N/A], 4.18 W, 0 %, 45
2026/09/25 15:54:07.422, 208 MHz, [N/A], 4.18 W, 0 %, 45
2026/09/25 15:54:07.672, 208 MHz, [N/A], 4.19 W, 0 %, 45
2026/09/25 15:54:07.923, 208 MHz, [N/A], 4.19 W, 0 %, 45
2026/09/25 15:54:08.173, 208 MHz, [N/A], 4.19 W, 0 %, 45
2026/09/25 15:54:08.423, 208 MHz, [N/A], 4.19 W, 0 %, 45
2026/09/25 15:54:08.673, 208 MHz, [N/A], 4.19 W, 0 %, 45
2026/09/25 15:54:08.924, 208 MHz, [N/A], 4.19 W, 0 %, 45
2026/09/25 15:54:09.174, 208 MHz, [N/A], 4.19 W, 0 %, 45
2026/09/25 15:54:09.424, 208 MHz, [N/A], 4.19 W, 0 %, 45
2026/09/25 15:54:09.675, 208 MHz, [N/A], 4.21 W, 0 %, 45
2026/09/25 15:54:09.925, 208 MHz, [N/A], 4.21 W, 0 %, 45
2026/09/25 15:54:10.175, 208 MHz, [N/A], 4.24 W, 0 %, 45
2026/09/25 15:54:10.426, 208 MHz, [N/A], 4.24 W, 0 %, 45
2026/09/25 15:54:10.676, 208 MHz, [N/A], 4.26 W, 0 %, 45
2026/09/25 15:54:10.927, 208 MHz, [N/A], 4.26 W, 0 %, 45
2026/09/25 15:54:11.177, 208 MHz, [N/A], 4.24 W, 0 %, 45
2026/09/25 15:54:11.428, 208 MHz, [N/A], 4.24 W, 0 %, 45
2026/09/25 15:54:11.678, 208 MHz, [N/A], 4.14 W, 0 %, 45
2026/09/25 15:54:11.929, 208 MHz, [N/A], 4.14 W, 0 %, 45
2026/09/25 15:54:12.179, 208 MHz, [N/A], 4.14 W, 0 %, 45
2026/09/25 15:54:12.429, 208 MHz, [N/A], 4.14 W, 0 %, 45
2026/09/25 15:54:12.680, 208 MHz, [N/A], 4.14 W, 0 %, 45
2026/09/25 15:54:12.931, 208 MHz, [N/A], 4.14 W, 0 %, 45
2026/09/25 15:54:13.181, 208 MHz, [N/A], 4.14 W, 0 %, 45
2026/09/25 15:54:13.431, 208 MHz, [N/A], 4.14 W, 0 %, 45
2026/09/25 15:54:13.682, 208 MHz, [N/A], 4.06 W, 0 %, 45
2026/09/25 15:54:13.932, 208 MHz, [N/A], 4.06 W, 0 %, 45
2026/09/25 15:54:14.182, 208 MHz, [N/A], 4.06 W, 0 %, 45
2026/09/25 15:54:14.433, 208 MHz, [N/A], 4.06 W, 0 %, 45
2026/09/25 15:54:14.683, 208 MHz, [N/A], 4.07 W, 0 %, 45
2026/09/25 15:54:14.934, 208 MHz, [N/A], 4.07 W, 0 %, 45
2026/09/25 15:54:15.184, 208 MHz, [N/A], 4.07 W, 0 %, 45
2026/09/25 15:54:15.435, 208 MHz, [N/A], 4.07 W, 0 %, 45
2026/09/25 15:54:15.685, 208 MHz, [N/A], 4.07 W, 0 %, 45
2026/09/25 15:54:15.935, 208 MHz, [N/A], 4.07 W, 0 %, 45
2026/09/25 15:54:16.186, 208 MHz, [N/A], 4.07 W, 0 %, 45
2026/09/25 15:54:16.436, 208 MHz, [N/A], 4.07 W, 0 %, 45
2026/09/25 15:54:16.687, 208 MHz, [N/A], 4.08 W, 0 %, 45
2026/09/25 15:54:16.937, 208 MHz, [N/A], 4.08 W, 0 %, 45
2026/09/25 15:54:17.187, 208 MHz, [N/A], 4.08 W, 0 %, 45
2026/09/25 15:54:17.438, 208 MHz, [N/A], 4.08 W, 0 %, 45
2026/09/25 15:54:17.688, 208 MHz, [N/A], 4.08 W, 0 %, 45
2026/09/25 15:54:17.939, 208 MHz, [N/A], 4.08 W, 0 %, 45
2026/09/25 15:54:18.189, 208 MHz, [N/A], 4.08 W, 0 %, 45
2026/09/25 15:54:18.440, 208 MHz, [N/A], 4.08 W, 0 %, 45
2026/09/25 15:54:18.690, 208 MHz, [N/A], 4.12 W, 0 %, 45
2026/09/25 15:54:18.941, 208 MHz, [N/A], 4.12 W, 0 %, 45
2026/09/25 15:54:19.191, 208 MHz, [N/A], 4.14 W, 0 %, 45
2026/09/25 15:54:19.441, 208 MHz, [N/A], 4.14 W, 0 %, 45
2026/09/25 15:54:19.692, 208 MHz, [N/A], 4.19 W, 0 %, 45
2026/09/25 15:54:19.942, 208 MHz, [N/A], 4.19 W, 0 %, 45
2026/09/25 15:54:20.192, 208 MHz, [N/A], 4.19 W, 0 %, 45
2026/09/25 15:54:20.443, 208 MHz, [N/A], 4.19 W, 0 %, 45
2026/09/25 15:54:20.693, 208 MHz, [N/A], 4.19 W, 0 %, 44
2026/09/25 15:54:20.943, 208 MHz, [N/A], 4.19 W, 0 %, 44
2026/09/25 15:54:21.194, 208 MHz, [N/A], 4.19 W, 0 %, 44
2026/09/25 15:54:21.444, 208 MHz, [N/A], 4.19 W, 0 %, 44
2026/09/25 15:54:21.694, 208 MHz, [N/A], 4.12 W, 0 %, 44
2026/09/25 15:54:21.945, 208 MHz, [N/A], 4.12 W, 0 %, 44
2026/09/25 15:54:22.195, 208 MHz, [N/A], 4.12 W, 0 %, 44
2026/09/25 15:54:22.445, 208 MHz, [N/A], 4.12 W, 0 %, 44
2026/09/25 15:54:22.695, 208 MHz, [N/A], 4.13 W, 0 %, 44
2026/09/25 15:54:22.946, 208 MHz, [N/A], 4.13 W, 0 %, 44
2026/09/25 15:54:23.196, 208 MHz, [N/A], 4.13 W, 0 %, 44
2026/09/25 15:54:23.446, 208 MHz, [N/A], 4.13 W, 0 %, 44
2026/09/25 15:54:23.697, 208 MHz, [N/A], 4.12 W, 0 %, 44
2026/09/25 15:54:23.947, 208 MHz, [N/A], 4.12 W, 0 %, 44
2026/09/25 15:54:24.197, 208 MHz, [N/A], 4.12 W, 0 %, 44
2026/09/25 15:54:24.447, 208 MHz, [N/A], 4.12 W, 0 %, 44
2026/09/25 15:54:24.697, 208 MHz, [N/A], 4.10 W, 0 %, 44
2026/09/25 15:54:24.948, 208 MHz, [N/A], 4.10 W, 0 %, 44
2026/09/25 15:54:25.198, 208 MHz, [N/A], 4.10 W, 0 %, 44
2026/09/25 15:54:25.448, 208 MHz, [N/A], 4.10 W, 0 %, 44
2026/09/25 15:54:25.698, 208 MHz, [N/A], 4.07 W, 0 %, 44
2026/09/25 15:54:25.949, 208 MHz, [N/A], 4.07 W, 0 %, 44
2026/09/25 15:54:26.199, 208 MHz, [N/A], 4.11 W, 0 %, 44
2026/09/25 15:54:26.449, 208 MHz, [N/A], 4.11 W, 0 %, 44
2026/09/25 15:54:26.700, 208 MHz, [N/A], 4.17 W, 0 %, 44
2026/09/25 15:54:26.950, 208 MHz, [N/A], 4.17 W, 0 %, 44
2026/09/25 15:54:27.200, 208 MHz, [N/A], 4.18 W, 0 %, 44
2026/09/25 15:54:27.450, 208 MHz, [N/A], 4.18 W, 0 %, 44
2026/09/25 15:54:27.700, 208 MHz, [N/A], 4.18 W, 0 %, 44
2026/09/25 15:54:27.950, 208 MHz, [N/A], 4.18 W, 0 %, 44
2026/09/25 15:54:28.201, 208 MHz, [N/A], 4.18 W, 0 %, 44
2026/09/25 15:54:28.451, 208 MHz, [N/A], 4.18 W, 0 %, 44
2026/09/25 15:54:28.701, 208 MHz, [N/A], 4.14 W, 0 %, 44
2026/09/25 15:54:28.951, 208 MHz, [N/A], 4.14 W, 0 %, 44
2026/09/25 15:54:29.201, 208 MHz, [N/A], 4.14 W, 0 %, 44
2026/09/25 15:54:29.452, 208 MHz, [N/A], 4.14 W, 0 %, 44
2026/09/25 15:54:29.702, 208 MHz, [N/A], 4.12 W, 0 %, 44
2026/09/25 15:54:29.952, 208 MHz, [N/A], 4.12 W, 0 %, 44
2026/09/25 15:54:30.203, 208 MHz, [N/A], 4.12 W, 0 %, 44
2026/09/25 15:54:30.453, 208 MHz, [N/A], 4.12 W, 0 %, 44
2026/09/25 15:54:30.704, 208 MHz, [N/A], 4.08 W, 0 %, 44
2026/09/25 15:54:30.954, 208 MHz, [N/A], 4.08 W, 0 %, 44
2026/09/25 15:54:31.204, 240 MHz, [N/A], 4.79 W, 4 %, 45
2026/09/25 15:54:31.454, 240 MHz, [N/A], 4.79 W, 4 %, 45
2026/09/25 15:54:31.704, 2190 MHz, [N/A], 6.92 W, 4 %, 45
2026/09/25 15:54:31.955, 2190 MHz, [N/A], 6.92 W, 4 %, 45
2026/09/25 15:54:32.205, 2190 MHz, [N/A], 8.62 W, 2 %, 45
2026/09/25 15:54:32.455, 2190 MHz, [N/A], 8.62 W, 2 %, 45
2026/09/25 15:54:32.706, 2190 MHz, [N/A], 8.64 W, 2 %, 45
2026/09/25 15:54:32.957, 2190 MHz, [N/A], 8.64 W, 2 %, 45
2026/09/25 15:54:33.208, 2190 MHz, [N/A], 8.46 W, 0 %, 45
2026/09/25 15:54:33.458, 2190 MHz, [N/A], 8.46 W, 0 %, 45
2026/09/25 15:54:33.709, 2190 MHz, [N/A], 8.28 W, 0 %, 45
2026/09/25 15:54:33.960, 2190 MHz, [N/A], 8.28 W, 0 %, 45
2026/09/25 15:54:34.211, 2190 MHz, [N/A], 9.55 W, 92 %, 46
2026/09/25 15:54:34.461, 2190 MHz, [N/A], 9.55 W, 92 %, 46
2026/09/25 15:54:34.712, 2190 MHz, [N/A], 15.25 W, 92 %, 47
2026/09/25 15:54:34.963, 2190 MHz, [N/A], 15.25 W, 92 %, 47
2026/09/25 15:54:35.213, 2190 MHz, [N/A], 19.60 W, 96 %, 47
2026/09/25 15:54:35.463, 2190 MHz, [N/A], 19.60 W, 96 %, 47
2026/09/25 15:54:35.714, 2190 MHz, [N/A], 19.62 W, 96 %, 47
2026/09/25 15:54:35.965, 2190 MHz, [N/A], 19.62 W, 96 %, 47
2026/09/25 15:54:36.216, 2190 MHz, [N/A], 19.56 W, 96 %, 47
2026/09/25 15:54:36.467, 2190 MHz, [N/A], 19.56 W, 96 %, 47
2026/09/25 15:54:36.717, 2190 MHz, [N/A], 19.67 W, 96 %, 47
2026/09/25 15:54:36.968, 2190 MHz, [N/A], 19.67 W, 96 %, 47
2026/09/25 15:54:37.219, 2190 MHz, [N/A], 19.86 W, 96 %, 47
2026/09/25 15:54:37.470, 2190 MHz, [N/A], 19.86 W, 96 %, 47
2026/09/25 15:54:37.720, 2190 MHz, [N/A], 19.84 W, 96 %, 48
2026/09/25 15:54:37.971, 2190 MHz, [N/A], 19.84 W, 96 %, 48
2026/09/25 15:54:38.222, 2190 MHz, [N/A], 20.16 W, 96 %, 48
2026/09/25 15:54:38.472, 2190 MHz, [N/A], 20.16 W, 96 %, 48
2026/09/25 15:54:38.723, 2190 MHz, [N/A], 20.50 W, 96 %, 48
2026/09/25 15:54:38.974, 2190 MHz, [N/A], 20.50 W, 96 %, 48
2026/09/25 15:54:39.225, 2190 MHz, [N/A], 20.36 W, 91 %, 48
2026/09/25 15:54:39.476, 2190 MHz, [N/A], 20.36 W, 91 %, 48
2026/09/25 15:54:39.726, 2190 MHz, [N/A], 20.53 W, 91 %, 48
2026/09/25 15:54:39.977, 2190 MHz, [N/A], 20.53 W, 91 %, 48
2026/09/25 15:54:40.228, 2190 MHz, [N/A], 20.86 W, 96 %, 48
2026/09/25 15:54:40.479, 2190 MHz, [N/A], 20.86 W, 96 %, 48
2026/09/25 15:54:40.730, 2190 MHz, [N/A], 20.90 W, 96 %, 48
2026/09/25 15:54:40.981, 2190 MHz, [N/A], 20.90 W, 96 %, 48
2026/09/25 15:54:41.231, 2190 MHz, [N/A], 17.03 W, 0 %, 47
2026/09/25 15:54:41.482, 2190 MHz, [N/A], 17.03 W, 0 %, 47
2026/09/25 15:54:41.732, 2190 MHz, [N/A], 10.85 W, 0 %, 46
2026/09/25 15:54:41.982, 2190 MHz, [N/A], 10.85 W, 0 %, 46
