2026/09/26 06:05:31.338, 344 MHz, [N/A], 5.76 W, 51, 0 %
2026/09/26 06:05:31.847, 344 MHz, [N/A], 4.67 W, 50, 0 %
2026/09/26 06:05:32.347, 208 MHz, [N/A], 4.66 W, 50, 0 %
2026/09/26 06:05:32.847, 208 MHz, [N/A], 4.66 W, 50, 0 %
2026/09/26 06:05:33.348, 208 MHz, [N/A], 4.66 W, 50, 0 %
2026/09/26 06:05:33.848, 208 MHz, [N/A], 4.66 W, 50, 0 %
2026/09/26 06:05:34.348, 1066 MHz, [N/A], 5.45 W, 50, 0 %
2026/09/26 06:05:34.849, 1066 MHz, [N/A], 6.79 W, 51, 87 %
2026/09/26 06:05:35.349, 2190 MHz, [N/A], 13.32 W, 51, 87 %
2026/09/26 06:05:35.849, 2190 MHz, [N/A], 15.76 W, 52, 95 %
2026/09/26 06:05:36.350, 2190 MHz, [N/A], 15.82 W, 52, 95 %
2026/09/26 06:05:36.850, 2190 MHz, [N/A], 15.84 W, 52, 95 %
2026/09/26 06:05:37.350, 2190 MHz, [N/A], 15.85 W, 52, 95 %
2026/09/26 06:05:37.850, 2190 MHz, [N/A], 15.85 W, 52, 94 %
2026/09/26 06:05:38.350, 2190 MHz, [N/A], 15.83 W, 52, 94 %
2026/09/26 06:05:38.850, 2190 MHz, [N/A], 15.87 W, 52, 95 %
2026/09/26 06:05:39.350, 2190 MHz, [N/A], 15.88 W, 52, 95 %
2026/09/26 06:05:39.851, 2190 MHz, [N/A], 15.81 W, 52, 95 %
2026/09/26 06:05:40.351, 2190 MHz, [N/A], 15.83 W, 52, 95 %
2026/09/26 06:05:40.851, 2190 MHz, [N/A], 15.87 W, 52, 95 %
2026/09/26 06:05:41.351, 2190 MHz, [N/A], 15.88 W, 52, 95 %
2026/09/26 06:05:41.851, 2190 MHz, [N/A], 15.85 W, 52, 95 %
2026/09/26 06:05:42.351, 2190 MHz, [N/A], 15.82 W, 52, 95 %
2026/09/26 06:05:42.852, 2190 MHz, [N/A], 15.85 W, 52, 94 %
2026/09/26 06:05:43.352, 2190 MHz, [N/A], 15.89 W, 52, 94 %
2026/09/26 06:05:43.852, 2190 MHz, [N/A], 15.90 W, 52, 95 %
2026/09/26 06:05:44.352, 2190 MHz, [N/A], 15.91 W, 52, 95 %
2026/09/26 06:05:44.853, 2190 MHz, [N/A], 15.93 W, 52, 95 %
2026/09/26 06:05:45.353, 2190 MHz, [N/A], 15.93 W, 52, 95 %
2026/09/26 06:05:45.853, 2190 MHz, [N/A], 15.90 W, 52, 94 %
2026/09/26 06:05:46.354, 2190 MHz, [N/A], 15.89 W, 52, 94 %
2026/09/26 06:05:46.854, 2190 MHz, [N/A], 15.90 W, 53, 95 %
2026/09/26 06:05:47.354, 2190 MHz, [N/A], 15.90 W, 53, 95 %
2026/09/26 06:05:47.854, 2190 MHz, [N/A], 15.89 W, 53, 95 %
2026/09/26 06:05:48.354, 2190 MHz, [N/A], 15.90 W, 53, 95 %
2026/09/26 06:05:48.855, 2190 MHz, [N/A], 15.92 W, 53, 95 %
2026/09/26 06:05:49.355, 2190 MHz, [N/A], 15.92 W, 53, 95 %
2026/09/26 06:05:49.856, 2190 MHz, [N/A], 15.91 W, 53, 94 %
2026/09/26 06:05:50.356, 2190 MHz, [N/A], 15.90 W, 53, 94 %
2026/09/26 06:05:50.856, 2190 MHz, [N/A], 15.91 W, 53, 95 %
2026/09/26 06:05:51.356, 2190 MHz, [N/A], 15.93 W, 53, 95 %
2026/09/26 06:05:51.857, 2190 MHz, [N/A], 15.91 W, 53, 96 %
2026/09/26 06:05:52.357, 2190 MHz, [N/A], 15.91 W, 53, 96 %
2026/09/26 06:05:52.857, 2190 MHz, [N/A], 15.95 W, 53, 95 %
2026/09/26 06:05:53.357, 2190 MHz, [N/A], 15.97 W, 53, 95 %
2026/09/26 06:05:53.858, 2190 MHz, [N/A], 14.52 W, 52, 0 %
2026/09/26 06:05:54.358, 2190 MHz, [N/A], 10.95 W, 52, 0 %
2026/09/26 06:05:54.858, 2190 MHz, [N/A], 8.85 W, 52, 1 %
