2026/09/25 18:50:47.804, 208 MHz, [N/A], 4.09 W, 43, 0 %
2026/09/25 18:50:48.313, 208 MHz, [N/A], 4.09 W, 43, 0 %
2026/09/25 18:50:48.813, 208 MHz, [N/A], 4.09 W, 43, 0 %
2026/09/25 18:50:49.314, 208 MHz, [N/A], 4.09 W, 43, 0 %
2026/09/25 18:50:49.814, 208 MHz, [N/A], 4.10 W, 43, 0 %
2026/09/25 18:50:50.315, 208 MHz, [N/A], 4.10 W, 43, 0 %
2026/09/25 18:50:50.815, 208 MHz, [N/A], 4.12 W, 43, 0 %
2026/09/25 18:50:51.316, 208 MHz, [N/A], 4.12 W, 43, 0 %
2026/09/25 18:50:51.816, 208 MHz, [N/A], 4.11 W, 43, 0 %
2026/09/25 18:50:52.317, 208 MHz, [N/A], 4.11 W, 43, 0 %
2026/09/25 18:50:52.817, 208 MHz, [N/A], 4.10 W, 43, 0 %
2026/09/25 18:50:53.317, 344 MHz, [N/A], 4.21 W, 43, 1 %
2026/09/25 18:50:53.818, 208 MHz, [N/A], 4.47 W, 43, 1 %
2026/09/25 18:50:54.318, 208 MHz, [N/A], 4.49 W, 43, 0 %
2026/09/25 18:50:54.819, 208 MHz, [N/A], 4.42 W, 43, 0 %
2026/09/25 18:50:55.319, 208 MHz, [N/A], 4.42 W, 43, 0 %
2026/09/25 18:50:55.819, 208 MHz, [N/A], 4.42 W, 43, 0 %
2026/09/25 18:50:56.319, 2190 MHz, [N/A], 5.81 W, 44, 0 %
2026/09/25 18:50:56.820, 2190 MHz, [N/A], 6.59 W, 44, 0 %
2026/09/25 18:50:57.320, 2190 MHz, [N/A], 8.55 W, 44, 52 %
2026/09/25 18:50:57.820, 2190 MHz, [N/A], 9.91 W, 45, 52 %
2026/09/25 18:50:58.320, 2190 MHz, [N/A], 11.17 W, 45, 96 %
2026/09/25 18:50:58.820, 2190 MHz, [N/A], 11.21 W, 45, 96 %
2026/09/25 18:50:59.320, 2190 MHz, [N/A], 11.24 W, 45, 96 %
2026/09/25 18:50:59.821, 2190 MHz, [N/A], 11.25 W, 45, 96 %
2026/09/25 18:51:00.321, 2190 MHz, [N/A], 11.23 W, 46, 96 %
2026/09/25 18:51:00.821, 2190 MHz, [N/A], 11.22 W, 46, 96 %
2026/09/25 18:51:01.321, 2190 MHz, [N/A], 11.22 W, 46, 96 %
2026/09/25 18:51:01.821, 2190 MHz, [N/A], 11.19 W, 46, 96 %
2026/09/25 18:51:02.321, 2190 MHz, [N/A], 11.20 W, 46, 96 %
2026/09/25 18:51:02.821, 2190 MHz, [N/A], 11.19 W, 46, 96 %
2026/09/25 18:51:03.321, 2190 MHz, [N/A], 11.15 W, 46, 96 %
2026/09/25 18:51:03.822, 2190 MHz, [N/A], 11.13 W, 46, 96 %
2026/09/25 18:51:04.322, 2190 MHz, [N/A], 11.14 W, 46, 96 %
2026/09/25 18:51:04.822, 2190 MHz, [N/A], 11.14 W, 46, 96 %
2026/09/25 18:51:05.322, 2190 MHz, [N/A], 11.14 W, 46, 96 %
2026/09/25 18:51:05.822, 2190 MHz, [N/A], 11.12 W, 46, 96 %
2026/09/25 18:51:06.322, 2190 MHz, [N/A], 11.11 W, 46, 96 %
2026/09/25 18:51:06.822, 2190 MHz, [N/A], 11.12 W, 47, 96 %
2026/09/25 18:51:07.322, 2190 MHz, [N/A], 11.12 W, 47, 96 %
2026/09/25 18:51:07.822, 2190 MHz, [N/A], 11.12 W, 47, 96 %
2026/09/25 18:51:08.323, 2190 MHz, [N/A], 12.30 W, 47, 96 %
2026/09/25 18:51:08.823, 2190 MHz, [N/A], 13.72 W, 47, 96 %
2026/09/25 18:51:09.323, 2190 MHz, [N/A], 13.96 W, 47, 96 %
2026/09/25 18:51:09.823, 2190 MHz, [N/A], 13.97 W, 47, 96 %
2026/09/25 18:51:10.323, 2190 MHz, [N/A], 13.98 W, 48, 96 %
2026/09/25 18:51:10.823, 2190 MHz, [N/A], 13.99 W, 48, 96 %
2026/09/25 18:51:11.323, 2190 MHz, [N/A], 14.00 W, 48, 96 %
2026/09/25 18:51:11.823, 2190 MHz, [N/A], 14.00 W, 48, 96 %
2026/09/25 18:51:12.323, 2190 MHz, [N/A], 14.01 W, 48, 96 %
2026/09/25 18:51:12.823, 2190 MHz, [N/A], 14.02 W, 48, 96 %
2026/09/25 18:51:13.323, 2190 MHz, [N/A], 14.03 W, 48, 96 %
2026/09/25 18:51:13.824, 2190 MHz, [N/A], 14.04 W, 48, 96 %
2026/09/25 18:51:14.324, 2190 MHz, [N/A], 14.04 W, 48, 96 %
2026/09/25 18:51:14.824, 2190 MHz, [N/A], 14.04 W, 48, 96 %
2026/09/25 18:51:15.333, 2190 MHz, [N/A], 14.06 W, 48, 96 %
2026/09/25 18:51:15.834, 2190 MHz, [N/A], 13.98 W, 49, 96 %
2026/09/25 18:51:16.334, 2190 MHz, [N/A], 14.00 W, 49, 96 %
2026/09/25 18:51:16.834, 2190 MHz, [N/A], 14.11 W, 49, 96 %
2026/09/25 18:51:17.334, 2190 MHz, [N/A], 14.10 W, 49, 96 %
2026/09/25 18:51:17.834, 2190 MHz, [N/A], 14.11 W, 49, 96 %
2026/09/25 18:51:18.334, 2190 MHz, [N/A], 14.11 W, 49, 96 %
2026/09/25 18:51:18.834, 2190 MHz, [N/A], 14.12 W, 49, 96 %
2026/09/25 18:51:19.334, 2190 MHz, [N/A], 14.13 W, 49, 96 %
2026/09/25 18:51:19.834, 2190 MHz, [N/A], 14.14 W, 49, 96 %
2026/09/25 18:51:20.335, 2190 MHz, [N/A], 14.16 W, 49, 96 %
2026/09/25 18:51:20.835, 2190 MHz, [N/A], 14.17 W, 49, 96 %
2026/09/25 18:51:21.335, 2190 MHz, [N/A], 14.16 W, 49, 96 %
2026/09/25 18:51:21.835, 2190 MHz, [N/A], 14.16 W, 49, 96 %
2026/09/25 18:51:22.335, 2190 MHz, [N/A], 14.17 W, 50, 96 %
2026/09/25 18:51:22.835, 2190 MHz, [N/A], 14.18 W, 50, 96 %
2026/09/25 18:51:23.335, 2190 MHz, [N/A], 14.19 W, 50, 96 %
2026/09/25 18:51:23.835, 2190 MHz, [N/A], 14.20 W, 50, 96 %
2026/09/25 18:51:24.335, 2190 MHz, [N/A], 14.22 W, 50, 96 %
2026/09/25 18:51:24.836, 2190 MHz, [N/A], 14.24 W, 50, 96 %
2026/09/25 18:51:25.336, 2190 MHz, [N/A], 14.24 W, 50, 96 %
2026/09/25 18:51:25.836, 2190 MHz, [N/A], 14.23 W, 50, 96 %
2026/09/25 18:51:26.336, 2190 MHz, [N/A], 14.25 W, 50, 96 %
2026/09/25 18:51:26.836, 2190 MHz, [N/A], 13.79 W, 50, 96 %
2026/09/25 18:51:27.336, 2190 MHz, [N/A], 11.01 W, 49, 0 %
2026/09/25 18:51:27.836, 2190 MHz, [N/A], 8.55 W, 49, 0 %
2026/09/25 18:51:28.337, 2190 MHz, [N/A], 8.64 W, 49, 0 %
2026/09/25 18:51:28.837, 2190 MHz, [N/A], 8.79 W, 49, 0 %
2026/09/25 18:51:29.337, 2190 MHz, [N/A], 8.76 W, 49, 0 %
2026/09/25 18:51:29.838, 416 MHz, [N/A], 7.49 W, 48, 0 %
2026/09/25 18:51:30.338, 208 MHz, [N/A], 5.48 W, 48, 0 %
2026/09/25 18:51:30.839, 208 MHz, [N/A], 4.61 W, 48, 0 %
2026/09/25 18:51:31.339, 208 MHz, [N/A], 4.61 W, 48, 0 %
2026/09/25 18:51:31.839, 208 MHz, [N/A], 4.61 W, 48, 0 %
2026/09/25 18:51:32.339, 208 MHz, [N/A], 4.61 W, 48, 0 %
2026/09/25 18:51:32.840, 208 MHz, [N/A], 4.34 W, 48, 0 %
2026/09/25 18:51:33.340, 877 MHz, [N/A], 4.50 W, 48, 0 %
2026/09/25 18:51:33.840, 1417 MHz, [N/A], 5.93 W, 48, 0 %
2026/09/25 18:51:34.340, 2190 MHz, [N/A], 7.78 W, 48, 0 %
2026/09/25 18:51:34.840, 2190 MHz, [N/A], 8.76 W, 48, 0 %
2026/09/25 18:51:35.340, 2190 MHz, [N/A], 10.17 W, 49, 96 %
2026/09/25 18:51:35.841, 2190 MHz, [N/A], 11.57 W, 49, 96 %
2026/09/25 18:51:36.341, 2190 MHz, [N/A], 11.58 W, 49, 96 %
2026/09/25 18:51:36.841, 2190 MHz, [N/A], 11.57 W, 49, 96 %
2026/09/25 18:51:37.341, 2190 MHz, [N/A], 12.48 W, 50, 96 %
2026/09/25 18:51:37.841, 2190 MHz, [N/A], 13.87 W, 50, 96 %
2026/09/25 18:51:38.341, 2190 MHz, [N/A], 14.42 W, 50, 96 %
2026/09/25 18:51:38.842, 2190 MHz, [N/A], 14.47 W, 50, 96 %
2026/09/25 18:51:39.342, 2190 MHz, [N/A], 14.47 W, 50, 96 %
2026/09/25 18:51:39.842, 2190 MHz, [N/A], 14.45 W, 51, 96 %
2026/09/25 18:51:40.342, 2190 MHz, [N/A], 14.47 W, 51, 96 %
2026/09/25 18:51:40.842, 2190 MHz, [N/A], 14.46 W, 51, 96 %
2026/09/25 18:51:41.342, 2190 MHz, [N/A], 14.42 W, 51, 96 %
2026/09/25 18:51:41.843, 2190 MHz, [N/A], 14.45 W, 51, 96 %
2026/09/25 18:51:42.343, 2190 MHz, [N/A], 14.45 W, 51, 96 %
2026/09/25 18:51:42.843, 2190 MHz, [N/A], 14.47 W, 51, 96 %
2026/09/25 18:51:43.343, 2190 MHz, [N/A], 14.47 W, 51, 96 %
2026/09/25 18:51:43.843, 2190 MHz, [N/A], 14.46 W, 51, 96 %
2026/09/25 18:51:44.344, 2190 MHz, [N/A], 14.49 W, 51, 96 %
2026/09/25 18:51:44.844, 2190 MHz, [N/A], 14.39 W, 51, 96 %
2026/09/25 18:51:45.344, 2190 MHz, [N/A], 14.39 W, 52, 96 %
2026/09/25 18:51:45.844, 2190 MHz, [N/A], 14.51 W, 52, 96 %
2026/09/25 18:51:46.344, 2190 MHz, [N/A], 14.52 W, 52, 96 %
2026/09/25 18:51:46.844, 2190 MHz, [N/A], 14.53 W, 52, 96 %
2026/09/25 18:51:47.352, 2190 MHz, [N/A], 14.55 W, 52, 96 %
2026/09/25 18:51:47.852, 2190 MHz, [N/A], 14.56 W, 52, 96 %
2026/09/25 18:51:48.352, 2190 MHz, [N/A], 14.58 W, 52, 96 %
2026/09/25 18:51:48.852, 2190 MHz, [N/A], 14.59 W, 52, 96 %
2026/09/25 18:51:49.352, 2190 MHz, [N/A], 14.58 W, 52, 96 %
2026/09/25 18:51:49.853, 2190 MHz, [N/A], 14.58 W, 52, 96 %
2026/09/25 18:51:50.353, 2190 MHz, [N/A], 14.60 W, 52, 96 %
2026/09/25 18:51:50.853, 2190 MHz, [N/A], 14.63 W, 52, 96 %
2026/09/25 18:51:51.353, 2190 MHz, [N/A], 14.63 W, 52, 96 %
2026/09/25 18:51:51.853, 2190 MHz, [N/A], 14.62 W, 52, 96 %
2026/09/25 18:51:52.353, 2190 MHz, [N/A], 14.64 W, 52, 96 %
2026/09/25 18:51:52.853, 2190 MHz, [N/A], 14.65 W, 52, 96 %
2026/09/25 18:51:53.354, 2190 MHz, [N/A], 14.64 W, 52, 96 %
2026/09/25 18:51:53.854, 2190 MHz, [N/A], 14.64 W, 52, 96 %
2026/09/25 18:51:54.354, 2190 MHz, [N/A], 14.66 W, 52, 96 %
2026/09/25 18:51:54.854, 2190 MHz, [N/A], 14.66 W, 52, 96 %
2026/09/25 18:51:55.354, 2190 MHz, [N/A], 14.65 W, 52, 96 %
2026/09/25 18:51:55.854, 2190 MHz, [N/A], 12.06 W, 52, 96 %
2026/09/25 18:51:56.354, 2190 MHz, [N/A], 9.15 W, 51, 0 %
2026/09/25 18:51:56.855, 2190 MHz, [N/A], 8.79 W, 51, 0 %
