2026/09/25 01:26:10.490, 2190 MHz, [N/A], 9.75 W, 0 %, 48, 0x0000000000000000
2026/09/25 01:26:11.003, 2190 MHz, [N/A], 9.75 W, 0 %, 48, 0x0000000000000000
2026/09/25 01:26:11.503, 2184 MHz, [N/A], 31.16 W, 89 %, 53, 0x0000000000000000
2026/09/25 01:26:12.004, 2184 MHz, [N/A], 31.84 W, 89 %, 51, 0x0000000000000000
2026/09/25 01:26:12.504, 2184 MHz, [N/A], 32.15 W, 90 %, 53, 0x0000000000000000
2026/09/25 01:26:13.004, 2184 MHz, [N/A], 31.86 W, 90 %, 54, 0x0000000000000000
2026/09/25 01:26:13.504, 2177 MHz, [N/A], 32.33 W, 90 %, 53, 0x0000000000000000
2026/09/25 01:26:14.005, 2177 MHz, [N/A], 32.56 W, 90 %, 53, 0x0000000000000000
2026/09/25 01:26:14.505, 2177 MHz, [N/A], 32.77 W, 90 %, 54, 0x0000000000000000
2026/09/25 01:26:15.005, 2177 MHz, [N/A], 32.56 W, 90 %, 54, 0x0000000000000000
2026/09/25 01:26:15.505, 2177 MHz, [N/A], 32.50 W, 85 %, 53, 0x0000000000000000
2026/09/25 01:26:16.006, 2177 MHz, [N/A], 32.48 W, 85 %, 54, 0x0000000000000000
2026/09/25 01:26:16.506, 2177 MHz, [N/A], 32.23 W, 89 %, 54, 0x0000000000000000
2026/09/25 01:26:17.006, 2177 MHz, [N/A], 32.57 W, 89 %, 55, 0x0000000000000000
2026/09/25 01:26:17.507, 2177 MHz, [N/A], 32.69 W, 83 %, 54, 0x0000000000000000
2026/09/25 01:26:18.007, 2177 MHz, [N/A], 32.98 W, 83 %, 55, 0x0000000000000000
2026/09/25 01:26:18.508, 2177 MHz, [N/A], 32.71 W, 83 %, 55, 0x0000000000000000
2026/09/25 01:26:19.008, 2177 MHz, [N/A], 32.65 W, 83 %, 55, 0x0000000000000000
2026/09/25 01:26:19.508, 2177 MHz, [N/A], 32.74 W, 87 %, 55, 0x0000000000000000
2026/09/25 01:26:20.008, 2177 MHz, [N/A], 32.66 W, 87 %, 54, 0x0000000000000000
2026/09/25 01:26:20.508, 2177 MHz, [N/A], 33.24 W, 87 %, 55, 0x0000000000000000
2026/09/25 01:26:21.009, 2177 MHz, [N/A], 33.16 W, 87 %, 55, 0x0000000000000000
2026/09/25 01:26:21.509, 2177 MHz, [N/A], 32.84 W, 83 %, 55, 0x0000000000000000
2026/09/25 01:26:22.009, 2177 MHz, [N/A], 33.23 W, 83 %, 56, 0x0000000000000000
2026/09/25 01:26:22.510, 2177 MHz, [N/A], 33.18 W, 86 %, 56, 0x0000000000000000
2026/09/25 01:26:23.010, 2177 MHz, [N/A], 32.96 W, 86 %, 55, 0x0000000000000000
2026/09/25 01:26:23.510, 2177 MHz, [N/A], 33.32 W, 90 %, 56, 0x0000000000000000
2026/09/25 01:26:24.011, 2177 MHz, [N/A], 33.14 W, 90 %, 56, 0x0000000000000000
2026/09/25 01:26:24.511, 2177 MHz, [N/A], 33.19 W, 85 %, 56, 0x0000000000000000
2026/09/25 01:26:25.011, 2177 MHz, [N/A], 33.23 W, 85 %, 57, 0x0000000000000000
2026/09/25 01:26:25.512, 2177 MHz, [N/A], 32.56 W, 77 %, 54, 0x0000000000000000
2026/09/25 01:26:26.012, 2177 MHz, [N/A], 32.62 W, 77 %, 57, 0x0000000000000000
2026/09/25 01:26:26.512, 2177 MHz, [N/A], 32.41 W, 68 %, 54, 0x0000000000000000
2026/09/25 01:26:27.012, 2184 MHz, [N/A], 33.97 W, 68 %, 56, 0x0000000000000000
2026/09/25 01:26:27.513, 2177 MHz, [N/A], 34.67 W, 91 %, 57, 0x0000000000000000
2026/09/25 01:26:28.013, 2177 MHz, [N/A], 32.60 W, 91 %, 56, 0x0000000000000000
2026/09/25 01:26:28.513, 2177 MHz, [N/A], 32.50 W, 90 %, 57, 0x0000000000000000
2026/09/25 01:26:29.014, 2177 MHz, [N/A], 32.31 W, 90 %, 56, 0x0000000000000000
2026/09/25 01:26:29.514, 2177 MHz, [N/A], 32.78 W, 86 %, 57, 0x0000000000000000
2026/09/25 01:26:30.014, 2177 MHz, [N/A], 32.92 W, 86 %, 56, 0x0000000000000000
2026/09/25 01:26:30.515, 2177 MHz, [N/A], 33.00 W, 90 %, 57, 0x0000000000000000
2026/09/25 01:26:31.015, 2177 MHz, [N/A], 32.84 W, 90 %, 56, 0x0000000000000000
2026/09/25 01:26:31.515, 2177 MHz, [N/A], 33.00 W, 90 %, 57, 0x0000000000000000
2026/09/25 01:26:32.016, 2177 MHz, [N/A], 33.12 W, 90 %, 57, 0x0000000000000000
2026/09/25 01:26:32.516, 2177 MHz, [N/A], 33.01 W, 85 %, 57, 0x0000000000000000
2026/09/25 01:26:33.016, 2177 MHz, [N/A], 32.78 W, 85 %, 57, 0x0000000000000000
2026/09/25 01:26:33.516, 2177 MHz, [N/A], 32.75 W, 90 %, 58, 0x0000000000000000
2026/09/25 01:26:34.017, 2177 MHz, [N/A], 33.26 W, 90 %, 57, 0x0000000000000000
2026/09/25 01:26:34.517, 2177 MHz, [N/A], 33.01 W, 80 %, 57, 0x0000000000000000
2026/09/25 01:26:35.017, 2177 MHz, [N/A], 33.18 W, 80 %, 58, 0x0000000000000000
2026/09/25 01:26:35.518, 2177 MHz, [N/A], 33.12 W, 83 %, 56, 0x0000000000000000
2026/09/25 01:26:36.018, 2177 MHz, [N/A], 32.97 W, 83 %, 58, 0x0000000000000000
2026/09/25 01:26:36.518, 2177 MHz, [N/A], 33.26 W, 86 %, 58, 0x0000000000000000
2026/09/25 01:26:37.019, 2177 MHz, [N/A], 33.05 W, 86 %, 56, 0x0000000000000000
2026/09/25 01:26:37.519, 2177 MHz, [N/A], 33.06 W, 90 %, 58, 0x0000000000000000
2026/09/25 01:26:38.020, 2177 MHz, [N/A], 33.28 W, 90 %, 58, 0x0000000000000000
2026/09/25 01:26:38.520, 2177 MHz, [N/A], 33.15 W, 89 %, 58, 0x0000000000000000
2026/09/25 01:26:39.020, 2177 MHz, [N/A], 32.86 W, 89 %, 57, 0x0000000000000000
2026/09/25 01:26:39.520, 2177 MHz, [N/A], 33.08 W, 90 %, 58, 0x0000000000000000
2026/09/25 01:26:40.021, 2177 MHz, [N/A], 33.27 W, 90 %, 58, 0x0000000000000000
2026/09/25 01:26:40.521, 2177 MHz, [N/A], 33.36 W, 87 %, 59, 0x0000000000000000
2026/09/25 01:26:41.022, 2177 MHz, [N/A], 33.36 W, 87 %, 58, 0x0000000000000000
2026/09/25 01:26:41.522, 2177 MHz, [N/A], 33.10 W, 84 %, 59, 0x0000000000000000
2026/09/25 01:26:42.022, 2177 MHz, [N/A], 33.46 W, 84 %, 59, 0x0000000000000000
2026/09/25 01:26:42.523, 2177 MHz, [N/A], 33.30 W, 86 %, 57, 0x0000000000000000
2026/09/25 01:26:43.023, 2177 MHz, [N/A], 33.29 W, 86 %, 59, 0x0000000000000000
2026/09/25 01:26:43.523, 2184 MHz, [N/A], 34.61 W, 91 %, 59, 0x0000000000000000
2026/09/25 01:26:44.023, 2177 MHz, [N/A], 34.21 W, 91 %, 57, 0x0000000000000000
2026/09/25 01:26:44.524, 2177 MHz, [N/A], 32.74 W, 88 %, 59, 0x0000000000000000
2026/09/25 01:26:45.024, 2177 MHz, [N/A], 32.68 W, 88 %, 58, 0x0000000000000000
2026/09/25 01:26:45.525, 2177 MHz, [N/A], 32.81 W, 83 %, 59, 0x0000000000000000
2026/09/25 01:26:46.025, 2177 MHz, [N/A], 32.95 W, 83 %, 59, 0x0000000000000000
2026/09/25 01:26:46.526, 2177 MHz, [N/A], 33.61 W, 91 %, 59, 0x0000000000000000
2026/09/25 01:26:47.027, 2177 MHz, [N/A], 33.68 W, 91 %, 59, 0x0000000000000000
2026/09/25 01:26:47.527, 2177 MHz, [N/A], 33.43 W, 88 %, 59, 0x0000000000000000
2026/09/25 01:26:48.028, 2177 MHz, [N/A], 33.55 W, 88 %, 59, 0x0000000000000000
2026/09/25 01:26:48.528, 2177 MHz, [N/A], 33.37 W, 82 %, 58, 0x0000000000000000
2026/09/25 01:26:49.029, 2177 MHz, [N/A], 33.43 W, 82 %, 59, 0x0000000000000000
2026/09/25 01:26:49.529, 2177 MHz, [N/A], 33.59 W, 89 %, 59, 0x0000000000000000
2026/09/25 01:26:50.029, 2177 MHz, [N/A], 33.65 W, 89 %, 59, 0x0000000000000000
2026/09/25 01:26:50.530, 2177 MHz, [N/A], 33.69 W, 90 %, 59, 0x0000000000000000
2026/09/25 01:26:51.030, 2177 MHz, [N/A], 33.73 W, 90 %, 60, 0x0000000000000000
2026/09/25 01:26:51.530, 2177 MHz, [N/A], 33.96 W, 89 %, 60, 0x0000000000000000
2026/09/25 01:26:52.030, 2177 MHz, [N/A], 33.95 W, 89 %, 59, 0x0000000000000000
2026/09/25 01:26:52.530, 2177 MHz, [N/A], 33.88 W, 89 %, 60, 0x0000000000000000
2026/09/25 01:26:53.031, 2177 MHz, [N/A], 33.79 W, 89 %, 60, 0x0000000000000000
2026/09/25 01:26:53.531, 2177 MHz, [N/A], 33.71 W, 86 %, 59, 0x0000000000000000
2026/09/25 01:26:54.032, 2177 MHz, [N/A], 33.59 W, 86 %, 60, 0x0000000000000000
2026/09/25 01:26:54.532, 2177 MHz, [N/A], 33.92 W, 91 %, 60, 0x0000000000000000
2026/09/25 01:26:55.033, 2177 MHz, [N/A], 33.65 W, 91 %, 60, 0x0000000000000000
2026/09/25 01:26:55.533, 2177 MHz, [N/A], 33.89 W, 85 %, 58, 0x0000000000000000
2026/09/25 01:26:56.033, 2177 MHz, [N/A], 33.96 W, 85 %, 60, 0x0000000000000000
2026/09/25 01:26:56.534, 2177 MHz, [N/A], 33.76 W, 91 %, 60, 0x0000000000000000
2026/09/25 01:26:57.034, 2177 MHz, [N/A], 33.63 W, 91 %, 60, 0x0000000000000000
2026/09/25 01:26:57.534, 2177 MHz, [N/A], 33.75 W, 90 %, 60, 0x0000000000000000
2026/09/25 01:26:58.035, 2177 MHz, [N/A], 33.59 W, 90 %, 60, 0x0000000000000000
2026/09/25 01:26:58.535, 2177 MHz, [N/A], 33.33 W, 85 %, 59, 0x0000000000000000
2026/09/25 01:26:59.036, 2177 MHz, [N/A], 33.60 W, 85 %, 60, 0x0000000000000000
2026/09/25 01:26:59.536, 2177 MHz, [N/A], 30.15 W, 0 %, 56, 0x0000000000000000
2026/09/25 01:27:00.037, 2184 MHz, [N/A], 18.95 W, 0 %, 56, 0x0000000000000000
2026/09/25 01:27:00.537, 2184 MHz, [N/A], 10.45 W, 0 %, 55, 0x0000000000000000
2026/09/25 01:27:01.038, 2184 MHz, [N/A], 10.40 W, 0 %, 55, 0x0000000000000000
2026/09/25 01:27:01.538, 2184 MHz, [N/A], 10.35 W, 0 %, 55, 0x0000000000000000
2026/09/25 01:27:02.039, 2184 MHz, [N/A], 10.36 W, 0 %, 55, 0x0000000000000000
2026/09/25 01:27:02.539, 2184 MHz, [N/A], 10.34 W, 0 %, 54, 0x0000000000000000
2026/09/25 01:27:03.041, 2184 MHz, [N/A], 10.26 W, 0 %, 54, 0x0000000000000000
2026/09/25 01:27:03.542, 2184 MHz, [N/A], 10.18 W, 0 %, 54, 0x0000000000000000
2026/09/25 01:27:04.042, 2184 MHz, [N/A], 10.16 W, 0 %, 54, 0x0000000000000000
2026/09/25 01:27:04.543, 2184 MHz, [N/A], 10.18 W, 0 %, 54, 0x0000000000000000
2026/09/25 01:27:05.044, 2184 MHz, [N/A], 10.14 W, 0 %, 54, 0x0000000000000000
2026/09/25 01:27:05.545, 2184 MHz, [N/A], 10.10 W, 0 %, 53, 0x0000000000000000
2026/09/25 01:27:06.045, 2184 MHz, [N/A], 10.09 W, 0 %, 53, 0x0000000000000000
2026/09/25 01:27:06.546, 2184 MHz, [N/A], 10.07 W, 0 %, 53, 0x0000000000000000
2026/09/25 01:27:07.047, 2184 MHz, [N/A], 10.05 W, 0 %, 53, 0x0000000000000000
2026/09/25 01:27:07.547, 2184 MHz, [N/A], 10.04 W, 0 %, 53, 0x0000000000000000
2026/09/25 01:27:08.048, 2190 MHz, [N/A], 10.03 W, 0 %, 53, 0x0000000000000000
2026/09/25 01:27:08.548, 2190 MHz, [N/A], 9.99 W, 0 %, 53, 0x0000000000000000
2026/09/25 01:27:09.049, 2190 MHz, [N/A], 9.98 W, 0 %, 52, 0x0000000000000000
2026/09/25 01:27:09.549, 2190 MHz, [N/A], 10.00 W, 0 %, 52, 0x0000000000000000
2026/09/25 01:27:10.050, 2190 MHz, [N/A], 9.98 W, 0 %, 52, 0x0000000000000000
2026/09/25 01:27:10.551, 2190 MHz, [N/A], 9.95 W, 0 %, 52, 0x0000000000000000
2026/09/25 01:27:11.051, 2190 MHz, [N/A], 9.94 W, 0 %, 52, 0x0000000000000000
2026/09/25 01:27:11.552, 2190 MHz, [N/A], 9.98 W, 0 %, 52, 0x0000000000000000
2026/09/25 01:27:12.053, 2190 MHz, [N/A], 9.99 W, 0 %, 52, 0x0000000000000000
2026/09/25 01:27:12.553, 2190 MHz, [N/A], 9.98 W, 0 %, 52, 0x0000000000000000
2026/09/25 01:27:13.054, 2190 MHz, [N/A], 10.01 W, 0 %, 51, 0x0000000000000000
2026/09/25 01:27:13.555, 2190 MHz, [N/A], 9.98 W, 0 %, 51, 0x0000000000000000
2026/09/25 01:27:14.056, 2190 MHz, [N/A], 9.93 W, 0 %, 51, 0x0000000000000000
2026/09/25 01:27:14.556, 2190 MHz, [N/A], 9.95 W, 0 %, 51, 0x0000000000000000
2026/09/25 01:27:15.057, 2190 MHz, [N/A], 9.95 W, 0 %, 51, 0x0000000000000000
2026/09/25 01:27:15.558, 2190 MHz, [N/A], 9.91 W, 0 %, 51, 0x0000000000000000
2026/09/25 01:27:16.058, 2190 MHz, [N/A], 9.92 W, 0 %, 51, 0x0000000000000000
2026/09/25 01:27:16.559, 2190 MHz, [N/A], 9.92 W, 0 %, 51, 0x0000000000000000
2026/09/25 01:27:17.060, 2190 MHz, [N/A], 9.90 W, 0 %, 51, 0x0000000000000000
2026/09/25 01:27:17.560, 2190 MHz, [N/A], 9.90 W, 0 %, 51, 0x0000000000000000
2026/09/25 01:27:18.061, 2190 MHz, [N/A], 9.95 W, 0 %, 50, 0x0000000000000000
2026/09/25 01:27:18.561, 2190 MHz, [N/A], 9.93 W, 0 %, 50, 0x0000000000000000
2026/09/25 01:27:19.062, 2190 MHz, [N/A], 9.86 W, 0 %, 50, 0x0000000000000000
2026/09/25 01:27:19.563, 2190 MHz, [N/A], 9.85 W, 0 %, 50, 0x0000000000000000
2026/09/25 01:27:20.063, 2190 MHz, [N/A], 9.83 W, 0 %, 50, 0x0000000000000000
2026/09/25 01:27:20.564, 2190 MHz, [N/A], 9.84 W, 0 %, 50, 0x0000000000000000
2026/09/25 01:27:21.064, 2190 MHz, [N/A], 9.85 W, 0 %, 50, 0x0000000000000000
2026/09/25 01:27:21.565, 2190 MHz, [N/A], 9.82 W, 0 %, 50, 0x0000000000000000
2026/09/25 01:27:22.066, 2190 MHz, [N/A], 9.79 W, 0 %, 50, 0x0000000000000000
2026/09/25 01:27:22.566, 2190 MHz, [N/A], 9.81 W, 0 %, 50, 0x0000000000000000
2026/09/25 01:27:23.067, 2190 MHz, [N/A], 9.81 W, 0 %, 50, 0x0000000000000000
2026/09/25 01:27:23.568, 2190 MHz, [N/A], 9.77 W, 0 %, 50, 0x0000000000000000
2026/09/25 01:27:24.069, 2190 MHz, [N/A], 9.76 W, 0 %, 49, 0x0000000000000000
2026/09/25 01:27:24.570, 2190 MHz, [N/A], 9.80 W, 0 %, 49, 0x0000000000000000
2026/09/25 01:27:25.070, 2190 MHz, [N/A], 9.84 W, 0 %, 49, 0x0000000000000000
