2026/09/25 18:42:30.638, 2190 MHz, [N/A], 8.69 W, 48, 0 %
2026/09/25 18:42:31.144, 2190 MHz, [N/A], 8.69 W, 48, 0 %
2026/09/25 18:42:31.644, 2190 MHz, [N/A], 8.49 W, 48, 0 %
2026/09/25 18:42:32.144, 2190 MHz, [N/A], 8.27 W, 48, 0 %
2026/09/25 18:42:32.645, 253 MHz, [N/A], 6.35 W, 47, 0 %
2026/09/25 18:42:33.145, 208 MHz, [N/A], 4.57 W, 47, 0 %
2026/09/25 18:42:33.646, 208 MHz, [N/A], 4.55 W, 47, 0 %
2026/09/25 18:42:34.147, 208 MHz, [N/A], 4.55 W, 47, 0 %
2026/09/25 18:42:34.647, 208 MHz, [N/A], 4.55 W, 47, 0 %
2026/09/25 18:42:35.147, 208 MHz, [N/A], 4.55 W, 47, 0 %
2026/09/25 18:42:35.647, 208 MHz, [N/A], 4.28 W, 47, 0 %
2026/09/25 18:42:36.147, 208 MHz, [N/A], 4.29 W, 47, 0 %
2026/09/25 18:42:36.648, 208 MHz, [N/A], 4.30 W, 47, 0 %
2026/09/25 18:42:37.148, 208 MHz, [N/A], 4.30 W, 47, 0 %
2026/09/25 18:42:37.648, 208 MHz, [N/A], 4.21 W, 47, 0 %
2026/09/25 18:42:38.148, 208 MHz, [N/A], 4.21 W, 47, 0 %
2026/09/25 18:42:38.649, 208 MHz, [N/A], 4.31 W, 47, 0 %
2026/09/25 18:42:39.149, 208 MHz, [N/A], 4.32 W, 47, 0 %
2026/09/25 18:42:39.649, 208 MHz, [N/A], 4.35 W, 47, 0 %
2026/09/25 18:42:40.149, 208 MHz, [N/A], 4.35 W, 47, 0 %
2026/09/25 18:42:40.649, 208 MHz, [N/A], 4.28 W, 47, 0 %
2026/09/25 18:42:41.150, 208 MHz, [N/A], 4.28 W, 47, 0 %
2026/09/25 18:42:41.650, 208 MHz, [N/A], 4.27 W, 47, 0 %
2026/09/25 18:42:42.150, 208 MHz, [N/A], 4.27 W, 47, 0 %
2026/09/25 18:42:42.650, 208 MHz, [N/A], 4.27 W, 46, 0 %
2026/09/25 18:42:43.150, 208 MHz, [N/A], 4.27 W, 46, 0 %
2026/09/25 18:42:43.651, 208 MHz, [N/A], 4.25 W, 46, 0 %
2026/09/25 18:42:44.151, 208 MHz, [N/A], 4.25 W, 46, 0 %
2026/09/25 18:42:44.651, 208 MHz, [N/A], 4.29 W, 46, 0 %
2026/09/25 18:42:45.152, 208 MHz, [N/A], 4.30 W, 46, 0 %
2026/09/25 18:42:45.652, 208 MHz, [N/A], 4.31 W, 46, 0 %
2026/09/25 18:42:46.153, 208 MHz, [N/A], 4.29 W, 46, 0 %
2026/09/25 18:42:46.653, 208 MHz, [N/A], 4.29 W, 46, 0 %
2026/09/25 18:42:47.154, 208 MHz, [N/A], 4.29 W, 46, 0 %
2026/09/25 18:42:47.655, 208 MHz, [N/A], 4.15 W, 46, 0 %
2026/09/25 18:42:48.155, 208 MHz, [N/A], 4.15 W, 46, 0 %
2026/09/25 18:42:48.655, 208 MHz, [N/A], 4.16 W, 46, 0 %
2026/09/25 18:42:49.156, 208 MHz, [N/A], 4.16 W, 46, 0 %
2026/09/25 18:42:49.656, 208 MHz, [N/A], 4.17 W, 46, 0 %
2026/09/25 18:42:50.157, 208 MHz, [N/A], 4.17 W, 46, 0 %
2026/09/25 18:42:50.657, 208 MHz, [N/A], 4.17 W, 46, 0 %
2026/09/25 18:42:51.157, 208 MHz, [N/A], 4.17 W, 46, 0 %
2026/09/25 18:42:51.658, 208 MHz, [N/A], 4.22 W, 45, 0 %
2026/09/25 18:42:52.158, 208 MHz, [N/A], 4.22 W, 45, 0 %
2026/09/25 18:42:52.658, 208 MHz, [N/A], 4.16 W, 45, 0 %
2026/09/25 18:42:53.159, 208 MHz, [N/A], 4.19 W, 45, 0 %
2026/09/25 18:42:53.659, 208 MHz, [N/A], 4.28 W, 45, 0 %
2026/09/25 18:42:54.159, 208 MHz, [N/A], 4.28 W, 45, 0 %
2026/09/25 18:42:54.660, 208 MHz, [N/A], 4.28 W, 45, 0 %
2026/09/25 18:42:55.160, 208 MHz, [N/A], 4.28 W, 45, 0 %
2026/09/25 18:42:55.660, 208 MHz, [N/A], 4.18 W, 45, 0 %
2026/09/25 18:42:56.160, 208 MHz, [N/A], 4.18 W, 45, 0 %
2026/09/25 18:42:56.660, 208 MHz, [N/A], 4.18 W, 45, 0 %
2026/09/25 18:42:57.161, 208 MHz, [N/A], 4.18 W, 45, 0 %
2026/09/25 18:42:57.661, 208 MHz, [N/A], 4.15 W, 45, 0 %
2026/09/25 18:42:58.161, 208 MHz, [N/A], 4.15 W, 45, 0 %
2026/09/25 18:42:58.661, 208 MHz, [N/A], 4.14 W, 45, 0 %
2026/09/25 18:42:59.162, 208 MHz, [N/A], 4.14 W, 45, 0 %
2026/09/25 18:42:59.662, 208 MHz, [N/A], 4.14 W, 45, 0 %
2026/09/25 18:43:00.162, 208 MHz, [N/A], 4.18 W, 45, 0 %
2026/09/25 18:43:00.663, 208 MHz, [N/A], 4.22 W, 45, 0 %
2026/09/25 18:43:01.163, 208 MHz, [N/A], 4.24 W, 45, 0 %
2026/09/25 18:43:01.663, 208 MHz, [N/A], 4.24 W, 45, 0 %
2026/09/25 18:43:02.163, 208 MHz, [N/A], 4.24 W, 45, 0 %
2026/09/25 18:43:02.663, 208 MHz, [N/A], 4.18 W, 45, 0 %
2026/09/25 18:43:03.164, 208 MHz, [N/A], 4.18 W, 45, 0 %
2026/09/25 18:43:03.664, 208 MHz, [N/A], 4.16 W, 44, 0 %
2026/09/25 18:43:04.164, 208 MHz, [N/A], 4.16 W, 44, 0 %
2026/09/25 18:43:04.664, 208 MHz, [N/A], 4.17 W, 44, 0 %
2026/09/25 18:43:05.165, 208 MHz, [N/A], 4.17 W, 44, 0 %
2026/09/25 18:43:05.665, 208 MHz, [N/A], 4.17 W, 44, 0 %
2026/09/25 18:43:06.166, 208 MHz, [N/A], 4.17 W, 44, 0 %
2026/09/25 18:43:06.667, 208 MHz, [N/A], 4.14 W, 44, 0 %
2026/09/25 18:43:07.167, 208 MHz, [N/A], 4.15 W, 44, 0 %
2026/09/25 18:43:07.667, 208 MHz, [N/A], 4.19 W, 44, 0 %
2026/09/25 18:43:08.167, 201 MHz, [N/A], 4.22 W, 44, 0 %
2026/09/25 18:43:08.668, 201 MHz, [N/A], 4.22 W, 44, 0 %
2026/09/25 18:43:09.168, 201 MHz, [N/A], 4.22 W, 44, 0 %
2026/09/25 18:43:09.668, 208 MHz, [N/A], 4.13 W, 44, 0 %
2026/09/25 18:43:10.168, 208 MHz, [N/A], 4.13 W, 44, 0 %
2026/09/25 18:43:10.669, 208 MHz, [N/A], 4.14 W, 44, 0 %
2026/09/25 18:43:11.169, 208 MHz, [N/A], 4.14 W, 44, 0 %
2026/09/25 18:43:11.669, 208 MHz, [N/A], 4.14 W, 44, 0 %
2026/09/25 18:43:12.170, 208 MHz, [N/A], 4.14 W, 44, 0 %
2026/09/25 18:43:12.670, 208 MHz, [N/A], 4.12 W, 44, 0 %
2026/09/25 18:43:13.170, 208 MHz, [N/A], 4.12 W, 44, 0 %
2026/09/25 18:43:13.670, 208 MHz, [N/A], 4.13 W, 44, 0 %
2026/09/25 18:43:14.171, 208 MHz, [N/A], 4.12 W, 44, 0 %
2026/09/25 18:43:14.671, 208 MHz, [N/A], 4.16 W, 44, 0 %
2026/09/25 18:43:15.171, 208 MHz, [N/A], 4.19 W, 44, 0 %
2026/09/25 18:43:15.671, 208 MHz, [N/A], 4.19 W, 44, 0 %
2026/09/25 18:43:16.171, 208 MHz, [N/A], 4.19 W, 44, 0 %
2026/09/25 18:43:16.672, 208 MHz, [N/A], 4.10 W, 44, 0 %
2026/09/25 18:43:17.172, 208 MHz, [N/A], 4.10 W, 44, 0 %
2026/09/25 18:43:17.672, 208 MHz, [N/A], 4.10 W, 44, 0 %
2026/09/25 18:43:18.173, 208 MHz, [N/A], 4.10 W, 44, 0 %
2026/09/25 18:43:18.673, 208 MHz, [N/A], 4.13 W, 44, 0 %
2026/09/25 18:43:19.173, 208 MHz, [N/A], 4.13 W, 44, 0 %
2026/09/25 18:43:19.673, 208 MHz, [N/A], 4.15 W, 43, 0 %
2026/09/25 18:43:20.174, 208 MHz, [N/A], 4.15 W, 43, 0 %
2026/09/25 18:43:20.674, 208 MHz, [N/A], 4.13 W, 43, 0 %
2026/09/25 18:43:21.174, 208 MHz, [N/A], 4.13 W, 43, 0 %
2026/09/25 18:43:21.674, 208 MHz, [N/A], 4.16 W, 43, 0 %
2026/09/25 18:43:22.175, 208 MHz, [N/A], 4.18 W, 43, 0 %
2026/09/25 18:43:22.676, 208 MHz, [N/A], 4.22 W, 43, 0 %
2026/09/25 18:43:23.176, 208 MHz, [N/A], 4.22 W, 43, 0 %
2026/09/25 18:43:23.676, 208 MHz, [N/A], 4.14 W, 43, 0 %
2026/09/25 18:43:24.176, 208 MHz, [N/A], 4.14 W, 43, 0 %
2026/09/25 18:43:24.677, 208 MHz, [N/A], 4.13 W, 43, 0 %
2026/09/25 18:43:25.177, 208 MHz, [N/A], 4.13 W, 43, 0 %
2026/09/25 18:43:25.678, 208 MHz, [N/A], 4.08 W, 43, 0 %
2026/09/25 18:43:26.178, 208 MHz, [N/A], 4.08 W, 43, 0 %
2026/09/25 18:43:26.679, 208 MHz, [N/A], 4.08 W, 43, 0 %
2026/09/25 18:43:27.179, 208 MHz, [N/A], 4.08 W, 43, 0 %
2026/09/25 18:43:27.680, 208 MHz, [N/A], 4.09 W, 43, 0 %
2026/09/25 18:43:28.180, 208 MHz, [N/A], 4.09 W, 43, 0 %
2026/09/25 18:43:28.681, 208 MHz, [N/A], 4.11 W, 43, 0 %
2026/09/25 18:43:29.181, 208 MHz, [N/A], 4.12 W, 43, 0 %
2026/09/25 18:43:29.682, 208 MHz, [N/A], 4.15 W, 43, 0 %
2026/09/25 18:43:30.183, 208 MHz, [N/A], 4.15 W, 43, 0 %
2026/09/25 18:43:30.690, 208 MHz, [N/A], 4.07 W, 43, 0 %
2026/09/25 18:43:31.191, 208 MHz, [N/A], 4.07 W, 43, 0 %
2026/09/25 18:43:31.691, 208 MHz, [N/A], 4.11 W, 43, 0 %
2026/09/25 18:43:32.191, 208 MHz, [N/A], 4.11 W, 43, 0 %
2026/09/25 18:43:32.692, 825 MHz, [N/A], 5.34 W, 43, 10 %
2026/09/25 18:43:33.192, 2190 MHz, [N/A], 6.34 W, 43, 10 %
2026/09/25 18:43:33.693, 2190 MHz, [N/A], 8.46 W, 43, 0 %
2026/09/25 18:43:34.193, 2190 MHz, [N/A], 8.07 W, 43, 0 %
2026/09/25 18:43:34.694, 2190 MHz, [N/A], 8.03 W, 43, 0 %
2026/09/25 18:43:35.194, 2190 MHz, [N/A], 8.07 W, 43, 0 %
2026/09/25 18:43:35.694, 2190 MHz, [N/A], 8.07 W, 43, 0 %
2026/09/25 18:43:36.195, 2190 MHz, [N/A], 8.02 W, 43, 0 %
2026/09/25 18:43:36.696, 2190 MHz, [N/A], 8.02 W, 43, 0 %
2026/09/25 18:43:37.196, 2190 MHz, [N/A], 8.02 W, 43, 0 %
2026/09/25 18:43:37.697, 2190 MHz, [N/A], 8.02 W, 43, 0 %
2026/09/25 18:43:38.197, 2190 MHz, [N/A], 8.03 W, 43, 0 %
2026/09/25 18:43:38.698, 2190 MHz, [N/A], 8.03 W, 43, 0 %
2026/09/25 18:43:39.198, 2190 MHz, [N/A], 8.04 W, 43, 0 %
2026/09/25 18:43:39.698, 2190 MHz, [N/A], 8.06 W, 43, 0 %
2026/09/25 18:43:40.198, 2190 MHz, [N/A], 8.09 W, 43, 0 %
2026/09/25 18:43:40.699, 2190 MHz, [N/A], 8.08 W, 43, 0 %
2026/09/25 18:43:41.199, 2190 MHz, [N/A], 8.06 W, 43, 0 %
2026/09/25 18:43:41.699, 2190 MHz, [N/A], 8.09 W, 43, 0 %
2026/09/25 18:43:42.200, 2190 MHz, [N/A], 8.22 W, 43, 0 %
2026/09/25 18:43:42.700, 2190 MHz, [N/A], 8.64 W, 43, 7 %
2026/09/25 18:43:43.200, 2190 MHz, [N/A], 16.48 W, 46, 7 %
2026/09/25 18:43:43.700, 2190 MHz, [N/A], 24.06 W, 46, 94 %
2026/09/25 18:43:44.201, 2190 MHz, [N/A], 24.12 W, 46, 94 %
2026/09/25 18:43:44.701, 2190 MHz, [N/A], 20.80 W, 44, 0 %
2026/09/25 18:43:45.201, 2190 MHz, [N/A], 21.42 W, 48, 0 %
2026/09/25 18:43:45.702, 2190 MHz, [N/A], 30.64 W, 48, 95 %
2026/09/25 18:43:46.202, 2190 MHz, [N/A], 35.68 W, 48, 95 %
2026/09/25 18:43:46.702, 2190 MHz, [N/A], 35.68 W, 49, 95 %
2026/09/25 18:43:47.202, 2190 MHz, [N/A], 35.83 W, 49, 95 %
2026/09/25 18:43:47.703, 2190 MHz, [N/A], 36.46 W, 50, 95 %
2026/09/25 18:43:48.203, 2190 MHz, [N/A], 38.31 W, 50, 95 %
2026/09/25 18:43:48.703, 2190 MHz, [N/A], 39.71 W, 50, 95 %
2026/09/25 18:43:49.204, 2190 MHz, [N/A], 39.72 W, 50, 95 %
2026/09/25 18:43:49.704, 2190 MHz, [N/A], 39.76 W, 51, 95 %
2026/09/25 18:43:50.204, 2190 MHz, [N/A], 39.83 W, 51, 95 %
2026/09/25 18:43:50.705, 2190 MHz, [N/A], 41.43 W, 52, 95 %
2026/09/25 18:43:51.205, 2190 MHz, [N/A], 43.91 W, 52, 95 %
2026/09/25 18:43:51.705, 2190 MHz, [N/A], 44.87 W, 52, 95 %
2026/09/25 18:43:52.206, 2190 MHz, [N/A], 44.89 W, 52, 95 %
2026/09/25 18:43:52.706, 2190 MHz, [N/A], 44.88 W, 52, 95 %
2026/09/25 18:43:53.206, 2190 MHz, [N/A], 44.97 W, 53, 95 %
2026/09/25 18:43:53.707, 2190 MHz, [N/A], 45.04 W, 53, 95 %
2026/09/25 18:43:54.207, 2190 MHz, [N/A], 45.51 W, 53, 95 %
2026/09/25 18:43:54.707, 2190 MHz, [N/A], 46.99 W, 53, 95 %
2026/09/25 18:43:55.208, 2190 MHz, [N/A], 48.09 W, 54, 95 %
2026/09/25 18:43:55.708, 2190 MHz, [N/A], 48.13 W, 54, 95 %
2026/09/25 18:43:56.209, 2190 MHz, [N/A], 48.15 W, 54, 95 %
2026/09/25 18:43:56.709, 2190 MHz, [N/A], 48.13 W, 54, 95 %
2026/09/25 18:43:57.209, 2190 MHz, [N/A], 47.96 W, 54, 95 %
2026/09/25 18:43:57.710, 2190 MHz, [N/A], 47.87 W, 54, 95 %
2026/09/25 18:43:58.210, 2190 MHz, [N/A], 43.81 W, 50, 95 %
2026/09/25 18:43:58.710, 2190 MHz, [N/A], 24.54 W, 49, 0 %
2026/09/25 18:43:59.211, 2190 MHz, [N/A], 8.58 W, 49, 0 %
