2026/09/25 14:22:29.776, 208 MHz, [N/A], 3.83 W, 45, 0 %
2026/09/25 14:22:30.286, 208 MHz, [N/A], 3.83 W, 45, 0 %
2026/09/25 14:22:30.786, 208 MHz, [N/A], 3.88 W, 45, 0 %
2026/09/25 14:22:31.287, 208 MHz, [N/A], 3.88 W, 45, 0 %
2026/09/25 14:22:31.787, 214 MHz, [N/A], 3.92 W, 45, 0 %
2026/09/25 14:22:32.287, 214 MHz, [N/A], 3.92 W, 45, 0 %
2026/09/25 14:22:32.788, 208 MHz, [N/A], 3.89 W, 45, 0 %
2026/09/25 14:22:33.288, 208 MHz, [N/A], 3.89 W, 45, 0 %
2026/09/25 14:22:33.788, 208 MHz, [N/A], 3.91 W, 45, 0 %
2026/09/25 14:22:34.289, 208 MHz, [N/A], 3.91 W, 45, 0 %
2026/09/25 14:22:34.790, 208 MHz, [N/A], 3.89 W, 45, 0 %
2026/09/25 14:22:35.290, 208 MHz, [N/A], 3.89 W, 45, 0 %
2026/09/25 14:22:35.790, 208 MHz, [N/A], 3.93 W, 45, 0 %
2026/09/25 14:22:36.291, 208 MHz, [N/A], 3.93 W, 45, 0 %
2026/09/25 14:22:36.791, 208 MHz, [N/A], 3.93 W, 45, 0 %
2026/09/25 14:22:37.292, 669 MHz, [N/A], 4.48 W, 46, 0 %
2026/09/25 14:22:37.792, 2190 MHz, [N/A], 5.63 W, 46, 0 %
2026/09/25 14:22:38.292, 2190 MHz, [N/A], 8.47 W, 46, 0 %
2026/09/25 14:22:38.793, 2190 MHz, [N/A], 8.26 W, 46, 0 %
2026/09/25 14:22:39.293, 2190 MHz, [N/A], 8.27 W, 46, 0 %
2026/09/25 14:22:39.793, 2190 MHz, [N/A], 8.30 W, 46, 0 %
2026/09/25 14:22:40.294, 2190 MHz, [N/A], 8.31 W, 46, 0 %
2026/09/25 14:22:40.794, 2190 MHz, [N/A], 8.30 W, 46, 0 %
2026/09/25 14:22:41.295, 2190 MHz, [N/A], 8.37 W, 47, 0 %
2026/09/25 14:22:41.795, 2190 MHz, [N/A], 8.38 W, 46, 0 %
2026/09/25 14:22:42.296, 2190 MHz, [N/A], 8.31 W, 46, 0 %
2026/09/25 14:22:42.796, 2190 MHz, [N/A], 8.29 W, 47, 0 %
2026/09/25 14:22:43.297, 2190 MHz, [N/A], 8.28 W, 47, 0 %
2026/09/25 14:22:43.797, 2190 MHz, [N/A], 8.26 W, 47, 0 %
2026/09/25 14:22:44.297, 2190 MHz, [N/A], 8.28 W, 47, 0 %
2026/09/25 14:22:44.798, 2190 MHz, [N/A], 8.35 W, 47, 1 %
2026/09/25 14:22:45.298, 2190 MHz, [N/A], 8.31 W, 47, 1 %
2026/09/25 14:22:45.799, 2190 MHz, [N/A], 8.21 W, 47, 0 %
2026/09/25 14:22:46.299, 2190 MHz, [N/A], 8.26 W, 47, 0 %
2026/09/25 14:22:46.800, 2190 MHz, [N/A], 8.26 W, 47, 0 %
2026/09/25 14:22:47.301, 2190 MHz, [N/A], 10.59 W, 48, 0 %
2026/09/25 14:22:47.802, 2190 MHz, [N/A], 14.54 W, 48, 92 %
2026/09/25 14:22:48.302, 2190 MHz, [N/A], 16.16 W, 48, 92 %
2026/09/25 14:22:48.803, 2190 MHz, [N/A], 13.99 W, 47, 0 %
2026/09/25 14:22:49.303, 2190 MHz, [N/A], 10.12 W, 47, 0 %
