2026/09/25 09:29:53.279, 2190 MHz, [N/A], 8.93 W, 55, 0 %
2026/09/25 09:29:53.786, 2190 MHz, [N/A], 8.95 W, 55, 0 %
2026/09/25 09:29:54.287, 2190 MHz, [N/A], 9.02 W, 55, 0 %
2026/09/25 09:29:54.787, 2190 MHz, [N/A], 9.05 W, 55, 0 %
2026/09/25 09:29:55.288, 2190 MHz, [N/A], 9.01 W, 55, 0 %
2026/09/25 09:29:55.788, 2190 MHz, [N/A], 14.20 W, 58, 0 %
2026/09/25 09:29:56.289, 2190 MHz, [N/A], 25.70 W, 59, 92 %
2026/09/25 09:29:56.789, 2190 MHz, [N/A], 31.91 W, 60, 92 %
2026/09/25 09:29:57.289, 2190 MHz, [N/A], 32.50 W, 60, 93 %
2026/09/25 09:29:57.789, 2190 MHz, [N/A], 32.25 W, 60, 93 %
2026/09/25 09:29:58.289, 2190 MHz, [N/A], 32.36 W, 59, 92 %
2026/09/25 09:29:58.790, 2190 MHz, [N/A], 32.24 W, 60, 92 %
2026/09/25 09:29:59.290, 2190 MHz, [N/A], 32.32 W, 60, 92 %
2026/09/25 09:29:59.790, 2190 MHz, [N/A], 32.11 W, 60, 92 %
2026/09/25 09:30:00.290, 2190 MHz, [N/A], 30.30 W, 59, 92 %
2026/09/25 09:30:00.791, 2190 MHz, [N/A], 30.43 W, 59, 92 %
2026/09/25 09:30:01.291, 2190 MHz, [N/A], 32.61 W, 61, 93 %
2026/09/25 09:30:01.791, 2190 MHz, [N/A], 32.64 W, 61, 93 %
2026/09/25 09:30:02.291, 2190 MHz, [N/A], 32.03 W, 61, 92 %
2026/09/25 09:30:02.791, 2190 MHz, [N/A], 32.35 W, 61, 92 %
2026/09/25 09:30:03.292, 2190 MHz, [N/A], 32.08 W, 61, 91 %
2026/09/25 09:30:03.792, 2190 MHz, [N/A], 32.18 W, 61, 91 %
2026/09/25 09:30:04.292, 2190 MHz, [N/A], 32.20 W, 60, 82 %
2026/09/25 09:30:04.792, 2190 MHz, [N/A], 32.53 W, 61, 82 %
2026/09/25 09:30:05.292, 2190 MHz, [N/A], 32.99 W, 61, 91 %
2026/09/25 09:30:05.793, 2190 MHz, [N/A], 32.54 W, 61, 91 %
2026/09/25 09:30:06.293, 2190 MHz, [N/A], 32.70 W, 62, 90 %
2026/09/25 09:30:06.793, 2190 MHz, [N/A], 33.18 W, 61, 90 %
2026/09/25 09:30:07.293, 2190 MHz, [N/A], 32.72 W, 61, 91 %
2026/09/25 09:30:07.794, 2190 MHz, [N/A], 31.98 W, 60, 91 %
2026/09/25 09:30:08.294, 2190 MHz, [N/A], 32.11 W, 62, 90 %
2026/09/25 09:30:08.794, 2190 MHz, [N/A], 32.26 W, 62, 90 %
2026/09/25 09:30:09.294, 2190 MHz, [N/A], 32.40 W, 62, 93 %
2026/09/25 09:30:09.795, 2190 MHz, [N/A], 32.72 W, 62, 93 %
2026/09/25 09:30:10.295, 2190 MHz, [N/A], 32.37 W, 62, 92 %
2026/09/25 09:30:10.795, 2190 MHz, [N/A], 32.45 W, 62, 92 %
2026/09/25 09:30:11.295, 2190 MHz, [N/A], 32.41 W, 62, 93 %
2026/09/25 09:30:11.796, 2190 MHz, [N/A], 32.36 W, 62, 93 %
2026/09/25 09:30:12.296, 2190 MHz, [N/A], 32.38 W, 61, 90 %
2026/09/25 09:30:12.796, 2190 MHz, [N/A], 32.40 W, 61, 90 %
2026/09/25 09:30:13.296, 2190 MHz, [N/A], 32.59 W, 61, 82 %
2026/09/25 09:30:13.797, 2190 MHz, [N/A], 32.34 W, 62, 82 %
2026/09/25 09:30:14.297, 2190 MHz, [N/A], 32.61 W, 62, 91 %
2026/09/25 09:30:14.798, 2190 MHz, [N/A], 33.00 W, 61, 91 %
2026/09/25 09:30:15.298, 2190 MHz, [N/A], 32.82 W, 62, 89 %
2026/09/25 09:30:15.798, 2190 MHz, [N/A], 31.93 W, 61, 89 %
2026/09/25 09:30:16.299, 2190 MHz, [N/A], 29.00 W, 61, 91 %
2026/09/25 09:30:16.799, 2190 MHz, [N/A], 28.34 W, 62, 91 %
2026/09/25 09:30:17.299, 2190 MHz, [N/A], 31.47 W, 62, 82 %
2026/09/25 09:30:17.799, 2190 MHz, [N/A], 32.49 W, 62, 82 %
2026/09/25 09:30:18.299, 2190 MHz, [N/A], 32.02 W, 63, 91 %
2026/09/25 09:30:18.800, 2190 MHz, [N/A], 32.41 W, 62, 91 %
2026/09/25 09:30:19.300, 2190 MHz, [N/A], 32.70 W, 62, 93 %
2026/09/25 09:30:19.801, 2190 MHz, [N/A], 32.65 W, 63, 93 %
2026/09/25 09:30:20.301, 2190 MHz, [N/A], 32.35 W, 63, 92 %
2026/09/25 09:30:20.801, 2190 MHz, [N/A], 32.49 W, 63, 92 %
2026/09/25 09:30:21.301, 2190 MHz, [N/A], 32.53 W, 62, 89 %
2026/09/25 09:30:21.801, 2190 MHz, [N/A], 32.43 W, 63, 89 %
2026/09/25 09:30:22.302, 2190 MHz, [N/A], 32.83 W, 63, 88 %
2026/09/25 09:30:22.802, 2190 MHz, [N/A], 33.15 W, 62, 88 %
2026/09/25 09:30:23.303, 2190 MHz, [N/A], 32.93 W, 62, 89 %
2026/09/25 09:30:23.803, 2190 MHz, [N/A], 32.35 W, 63, 89 %
2026/09/25 09:30:24.303, 2190 MHz, [N/A], 32.19 W, 63, 93 %
2026/09/25 09:30:24.804, 2190 MHz, [N/A], 32.57 W, 63, 93 %
2026/09/25 09:30:25.304, 2190 MHz, [N/A], 32.71 W, 63, 92 %
2026/09/25 09:30:25.805, 2190 MHz, [N/A], 32.62 W, 63, 92 %
2026/09/25 09:30:26.305, 2190 MHz, [N/A], 32.83 W, 63, 90 %
2026/09/25 09:30:26.805, 2190 MHz, [N/A], 32.81 W, 63, 90 %
2026/09/25 09:30:27.306, 2190 MHz, [N/A], 32.94 W, 62, 89 %
2026/09/25 09:30:27.806, 2190 MHz, [N/A], 32.94 W, 63, 89 %
2026/09/25 09:30:28.307, 2190 MHz, [N/A], 32.68 W, 63, 91 %
2026/09/25 09:30:28.807, 2190 MHz, [N/A], 32.94 W, 63, 91 %
2026/09/25 09:30:29.308, 2190 MHz, [N/A], 33.03 W, 63, 90 %
2026/09/25 09:30:29.809, 2190 MHz, [N/A], 32.59 W, 64, 90 %
2026/09/25 09:30:30.309, 2190 MHz, [N/A], 32.42 W, 64, 92 %
2026/09/25 09:30:30.809, 2190 MHz, [N/A], 32.67 W, 64, 92 %
2026/09/25 09:30:31.309, 2190 MHz, [N/A], 32.69 W, 64, 91 %
2026/09/25 09:30:31.810, 2190 MHz, [N/A], 32.74 W, 64, 91 %
2026/09/25 09:30:32.310, 2190 MHz, [N/A], 32.79 W, 64, 90 %
2026/09/25 09:30:32.810, 2190 MHz, [N/A], 29.89 W, 62, 90 %
2026/09/25 09:30:33.311, 2190 MHz, [N/A], 26.52 W, 63, 92 %
2026/09/25 09:30:33.811, 2190 MHz, [N/A], 29.05 W, 63, 92 %
2026/09/25 09:30:34.311, 2190 MHz, [N/A], 29.36 W, 63, 93 %
2026/09/25 09:30:34.812, 2190 MHz, [N/A], 29.67 W, 64, 93 %
2026/09/25 09:30:35.312, 2190 MHz, [N/A], 32.64 W, 63, 84 %
2026/09/25 09:30:35.813, 2190 MHz, [N/A], 32.80 W, 64, 84 %
2026/09/25 09:30:36.313, 2190 MHz, [N/A], 32.78 W, 64, 92 %
2026/09/25 09:30:36.814, 2190 MHz, [N/A], 32.93 W, 64, 92 %
2026/09/25 09:30:37.314, 2190 MHz, [N/A], 32.79 W, 64, 83 %
2026/09/25 09:30:37.814, 2190 MHz, [N/A], 32.68 W, 64, 83 %
2026/09/25 09:30:38.314, 2190 MHz, [N/A], 33.04 W, 64, 93 %
2026/09/25 09:30:38.815, 2190 MHz, [N/A], 33.20 W, 64, 93 %
2026/09/25 09:30:39.316, 2190 MHz, [N/A], 33.39 W, 64, 89 %
2026/09/25 09:30:39.816, 2190 MHz, [N/A], 33.34 W, 64, 89 %
2026/09/25 09:30:40.316, 2190 MHz, [N/A], 33.31 W, 64, 90 %
2026/09/25 09:30:40.817, 2190 MHz, [N/A], 33.27 W, 64, 90 %
2026/09/25 09:30:41.317, 2190 MHz, [N/A], 33.12 W, 64, 89 %
2026/09/25 09:30:41.817, 2190 MHz, [N/A], 32.94 W, 64, 89 %
2026/09/25 09:30:42.318, 2190 MHz, [N/A], 32.88 W, 64, 83 %
2026/09/25 09:30:42.818, 2190 MHz, [N/A], 32.65 W, 64, 83 %
2026/09/25 09:30:43.318, 2190 MHz, [N/A], 33.24 W, 64, 86 %
2026/09/25 09:30:43.818, 2190 MHz, [N/A], 33.56 W, 63, 86 %
2026/09/25 09:30:44.319, 2190 MHz, [N/A], 33.07 W, 65, 92 %
2026/09/25 09:30:44.819, 2190 MHz, [N/A], 32.93 W, 63, 92 %
2026/09/25 09:30:45.319, 2190 MHz, [N/A], 32.80 W, 64, 93 %
2026/09/25 09:30:45.820, 2190 MHz, [N/A], 32.10 W, 64, 93 %
2026/09/25 09:30:46.320, 2190 MHz, [N/A], 29.58 W, 61, 5 %
2026/09/25 09:30:46.820, 2190 MHz, [N/A], 18.46 W, 60, 5 %
2026/09/25 09:30:47.321, 2190 MHz, [N/A], 22.64 W, 62, 63 %
2026/09/25 09:30:47.821, 2190 MHz, [N/A], 32.58 W, 64, 63 %
2026/09/25 09:30:48.321, 2190 MHz, [N/A], 33.05 W, 64, 91 %
2026/09/25 09:30:48.822, 2190 MHz, [N/A], 30.75 W, 63, 94 %
2026/09/25 09:30:49.323, 2190 MHz, [N/A], 28.00 W, 63, 94 %
2026/09/25 09:30:49.823, 2190 MHz, [N/A], 30.42 W, 64, 91 %
2026/09/25 09:30:50.324, 2190 MHz, [N/A], 33.30 W, 64, 91 %
2026/09/25 09:30:50.825, 2190 MHz, [N/A], 32.81 W, 64, 90 %
2026/09/25 09:30:51.325, 2190 MHz, [N/A], 32.96 W, 64, 90 %
2026/09/25 09:30:51.826, 2190 MHz, [N/A], 33.25 W, 64, 90 %
2026/09/25 09:30:52.326, 2190 MHz, [N/A], 33.06 W, 64, 90 %
2026/09/25 09:30:52.826, 2190 MHz, [N/A], 33.23 W, 65, 92 %
2026/09/25 09:30:53.327, 2190 MHz, [N/A], 33.20 W, 65, 92 %
2026/09/25 09:30:53.827, 2190 MHz, [N/A], 32.63 W, 64, 70 %
2026/09/25 09:30:54.327, 2190 MHz, [N/A], 33.08 W, 64, 70 %
2026/09/25 09:30:54.828, 2190 MHz, [N/A], 33.54 W, 64, 93 %
2026/09/25 09:30:55.329, 2190 MHz, [N/A], 33.19 W, 64, 93 %
2026/09/25 09:30:55.829, 2190 MHz, [N/A], 33.28 W, 65, 93 %
2026/09/25 09:30:56.329, 2190 MHz, [N/A], 33.30 W, 65, 93 %
2026/09/25 09:30:56.830, 2190 MHz, [N/A], 33.27 W, 65, 94 %
2026/09/25 09:30:57.330, 2190 MHz, [N/A], 32.96 W, 65, 94 %
2026/09/25 09:30:57.830, 2190 MHz, [N/A], 33.05 W, 65, 93 %
2026/09/25 09:30:58.331, 2190 MHz, [N/A], 33.33 W, 65, 93 %
2026/09/25 09:30:58.831, 2190 MHz, [N/A], 33.30 W, 65, 94 %
2026/09/25 09:30:59.331, 2190 MHz, [N/A], 33.30 W, 65, 94 %
2026/09/25 09:30:59.832, 2190 MHz, [N/A], 33.30 W, 64, 93 %
2026/09/25 09:31:00.332, 2190 MHz, [N/A], 33.56 W, 64, 93 %
2026/09/25 09:31:00.833, 2190 MHz, [N/A], 33.08 W, 65, 92 %
2026/09/25 09:31:01.333, 2190 MHz, [N/A], 32.98 W, 64, 92 %
2026/09/25 09:31:01.833, 2190 MHz, [N/A], 33.49 W, 64, 90 %
2026/09/25 09:31:02.334, 2190 MHz, [N/A], 33.44 W, 64, 90 %
2026/09/25 09:31:02.834, 2190 MHz, [N/A], 33.46 W, 64, 91 %
2026/09/25 09:31:03.334, 2190 MHz, [N/A], 33.43 W, 64, 91 %
2026/09/25 09:31:03.835, 2190 MHz, [N/A], 33.35 W, 64, 89 %
2026/09/25 09:31:04.335, 2190 MHz, [N/A], 33.03 W, 65, 89 %
2026/09/25 09:31:04.836, 2190 MHz, [N/A], 33.13 W, 64, 89 %
2026/09/25 09:31:05.336, 2190 MHz, [N/A], 33.41 W, 64, 89 %
2026/09/25 09:31:05.836, 2190 MHz, [N/A], 33.34 W, 64, 91 %
2026/09/25 09:31:06.337, 2190 MHz, [N/A], 31.68 W, 63, 91 %
2026/09/25 09:31:06.837, 2190 MHz, [N/A], 29.73 W, 65, 92 %
2026/09/25 09:31:07.337, 2190 MHz, [N/A], 31.32 W, 65, 92 %
2026/09/25 09:31:07.838, 2190 MHz, [N/A], 32.99 W, 65, 91 %
2026/09/25 09:31:08.338, 2190 MHz, [N/A], 33.23 W, 65, 91 %
2026/09/25 09:31:08.839, 2190 MHz, [N/A], 33.57 W, 65, 93 %
2026/09/25 09:31:09.339, 2190 MHz, [N/A], 33.42 W, 65, 93 %
2026/09/25 09:31:09.839, 2190 MHz, [N/A], 33.41 W, 65, 93 %
2026/09/25 09:31:10.340, 2190 MHz, [N/A], 33.36 W, 65, 93 %
2026/09/25 09:31:10.840, 2190 MHz, [N/A], 32.98 W, 65, 67 %
2026/09/25 09:31:11.341, 2190 MHz, [N/A], 33.19 W, 65, 67 %
2026/09/25 09:31:11.841, 2190 MHz, [N/A], 33.57 W, 65, 92 %
2026/09/25 09:31:12.341, 2190 MHz, [N/A], 33.36 W, 65, 92 %
2026/09/25 09:31:12.841, 2190 MHz, [N/A], 33.44 W, 65, 94 %
2026/09/25 09:31:13.342, 2190 MHz, [N/A], 33.53 W, 65, 94 %
2026/09/25 09:31:13.842, 2190 MHz, [N/A], 33.46 W, 65, 92 %
2026/09/25 09:31:14.342, 2190 MHz, [N/A], 32.99 W, 66, 92 %
2026/09/25 09:31:14.843, 2190 MHz, [N/A], 33.16 W, 66, 91 %
2026/09/25 09:31:15.343, 2190 MHz, [N/A], 33.59 W, 65, 91 %
2026/09/25 09:31:15.843, 2190 MHz, [N/A], 33.50 W, 65, 90 %
2026/09/25 09:31:16.344, 2190 MHz, [N/A], 33.48 W, 65, 90 %
2026/09/25 09:31:16.844, 2190 MHz, [N/A], 33.47 W, 65, 90 %
2026/09/25 09:31:17.345, 2190 MHz, [N/A], 33.62 W, 65, 90 %
2026/09/25 09:31:17.845, 2190 MHz, [N/A], 33.17 W, 66, 92 %
2026/09/25 09:31:18.345, 2190 MHz, [N/A], 33.15 W, 65, 92 %
2026/09/25 09:31:18.845, 2190 MHz, [N/A], 33.68 W, 65, 90 %
2026/09/25 09:31:19.346, 2190 MHz, [N/A], 33.59 W, 65, 90 %
2026/09/25 09:31:19.846, 2190 MHz, [N/A], 33.51 W, 65, 90 %
2026/09/25 09:31:20.346, 2190 MHz, [N/A], 33.47 W, 66, 90 %
2026/09/25 09:31:20.846, 2190 MHz, [N/A], 33.47 W, 66, 91 %
