2026/09/25 09:50:58.037, 2184 MHz, [N/A], 10.39 W, 54, 0 %
2026/09/25 09:50:58.547, 2184 MHz, [N/A], 10.39 W, 54, 0 %
2026/09/25 09:50:59.047, 2184 MHz, [N/A], 23.01 W, 59, 95 %
2026/09/25 09:50:59.548, 2177 MHz, [N/A], 37.46 W, 59, 95 %
2026/09/25 09:51:00.048, 2177 MHz, [N/A], 38.73 W, 59, 84 %
2026/09/25 09:51:00.548, 2177 MHz, [N/A], 38.67 W, 60, 84 %
2026/09/25 09:51:01.048, 2177 MHz, [N/A], 40.30 W, 61, 92 %
2026/09/25 09:51:01.548, 2177 MHz, [N/A], 41.00 W, 61, 92 %
2026/09/25 09:51:02.048, 2177 MHz, [N/A], 40.19 W, 62, 93 %
2026/09/25 09:51:02.549, 2177 MHz, [N/A], 40.06 W, 60, 93 %
2026/09/25 09:51:03.049, 2177 MHz, [N/A], 40.64 W, 62, 94 %
2026/09/25 09:51:03.549, 2177 MHz, [N/A], 39.77 W, 62, 94 %
2026/09/25 09:51:04.049, 2177 MHz, [N/A], 38.87 W, 62, 92 %
2026/09/25 09:51:04.549, 2177 MHz, [N/A], 40.00 W, 62, 92 %
2026/09/25 09:51:05.050, 2177 MHz, [N/A], 40.75 W, 62, 93 %
2026/09/25 09:51:05.550, 2177 MHz, [N/A], 41.09 W, 63, 93 %
2026/09/25 09:51:06.050, 2177 MHz, [N/A], 40.16 W, 63, 93 %
2026/09/25 09:51:06.550, 2177 MHz, [N/A], 36.86 W, 62, 93 %
2026/09/25 09:51:07.050, 2177 MHz, [N/A], 35.79 W, 63, 93 %
2026/09/25 09:51:07.551, 2171 MHz, [N/A], 38.84 W, 63, 93 %
2026/09/25 09:51:08.051, 2171 MHz, [N/A], 40.26 W, 63, 92 %
2026/09/25 09:51:08.551, 2171 MHz, [N/A], 39.72 W, 64, 92 %
2026/09/25 09:51:09.051, 2171 MHz, [N/A], 39.80 W, 63, 91 %
2026/09/25 09:51:09.551, 2171 MHz, [N/A], 39.73 W, 64, 91 %
2026/09/25 09:51:10.051, 2171 MHz, [N/A], 39.31 W, 64, 93 %
2026/09/25 09:51:10.552, 2171 MHz, [N/A], 39.04 W, 64, 93 %
2026/09/25 09:51:11.052, 2171 MHz, [N/A], 39.07 W, 64, 93 %
2026/09/25 09:51:11.552, 2171 MHz, [N/A], 39.30 W, 64, 93 %
2026/09/25 09:51:12.052, 2171 MHz, [N/A], 38.82 W, 64, 93 %
2026/09/25 09:51:12.552, 2171 MHz, [N/A], 38.90 W, 63, 93 %
2026/09/25 09:51:13.052, 2171 MHz, [N/A], 37.82 W, 64, 93 %
2026/09/25 09:51:13.553, 2171 MHz, [N/A], 37.07 W, 63, 93 %
2026/09/25 09:51:14.053, 2171 MHz, [N/A], 35.88 W, 64, 90 %
2026/09/25 09:51:14.553, 2171 MHz, [N/A], 35.81 W, 64, 90 %
2026/09/25 09:51:15.053, 2171 MHz, [N/A], 37.57 W, 65, 94 %
2026/09/25 09:51:15.553, 2171 MHz, [N/A], 38.81 W, 65, 94 %
2026/09/25 09:51:16.054, 2171 MHz, [N/A], 39.71 W, 66, 93 %
2026/09/25 09:51:16.554, 2171 MHz, [N/A], 39.88 W, 66, 93 %
2026/09/25 09:51:17.054, 2171 MHz, [N/A], 38.16 W, 65, 93 %
2026/09/25 09:51:17.554, 2171 MHz, [N/A], 36.92 W, 65, 93 %
2026/09/25 09:51:18.054, 2171 MHz, [N/A], 38.29 W, 66, 92 %
2026/09/25 09:51:18.555, 2171 MHz, [N/A], 40.00 W, 67, 92 %
2026/09/25 09:51:19.055, 2171 MHz, [N/A], 40.67 W, 66, 93 %
2026/09/25 09:51:19.555, 2171 MHz, [N/A], 42.11 W, 67, 93 %
2026/09/25 09:51:20.055, 2171 MHz, [N/A], 42.24 W, 67, 93 %
2026/09/25 09:51:20.555, 2171 MHz, [N/A], 40.28 W, 66, 93 %
2026/09/25 09:51:21.056, 2171 MHz, [N/A], 39.29 W, 65, 90 %
2026/09/25 09:51:21.556, 2171 MHz, [N/A], 39.83 W, 65, 90 %
2026/09/25 09:51:22.056, 2171 MHz, [N/A], 41.44 W, 67, 92 %
2026/09/25 09:51:22.556, 2171 MHz, [N/A], 41.31 W, 67, 92 %
2026/09/25 09:51:23.056, 2171 MHz, [N/A], 40.53 W, 67, 92 %
2026/09/25 09:51:23.557, 2171 MHz, [N/A], 41.41 W, 67, 92 %
2026/09/25 09:51:24.057, 2171 MHz, [N/A], 41.88 W, 67, 86 %
2026/09/25 09:51:24.557, 2171 MHz, [N/A], 42.02 W, 65, 86 %
2026/09/25 09:51:25.057, 2171 MHz, [N/A], 41.97 W, 68, 93 %
2026/09/25 09:51:25.558, 2171 MHz, [N/A], 39.92 W, 67, 93 %
2026/09/25 09:51:26.058, 2171 MHz, [N/A], 37.70 W, 66, 91 %
2026/09/25 09:51:26.558, 2171 MHz, [N/A], 38.43 W, 67, 91 %
2026/09/25 09:51:27.058, 2171 MHz, [N/A], 40.04 W, 68, 94 %
2026/09/25 09:51:27.559, 2171 MHz, [N/A], 39.97 W, 67, 94 %
2026/09/25 09:51:28.059, 2171 MHz, [N/A], 39.54 W, 68, 93 %
2026/09/25 09:51:28.559, 2171 MHz, [N/A], 39.01 W, 66, 93 %
2026/09/25 09:51:29.059, 2171 MHz, [N/A], 38.62 W, 66, 91 %
2026/09/25 09:51:29.560, 2171 MHz, [N/A], 38.89 W, 66, 91 %
2026/09/25 09:51:30.060, 2171 MHz, [N/A], 38.92 W, 67, 91 %
2026/09/25 09:51:30.560, 2171 MHz, [N/A], 38.48 W, 67, 91 %
2026/09/25 09:51:31.060, 2171 MHz, [N/A], 37.95 W, 67, 85 %
2026/09/25 09:51:31.560, 2171 MHz, [N/A], 37.97 W, 66, 85 %
2026/09/25 09:51:32.061, 2171 MHz, [N/A], 38.52 W, 68, 92 %
2026/09/25 09:51:32.561, 2171 MHz, [N/A], 39.77 W, 67, 92 %
2026/09/25 09:51:33.061, 2171 MHz, [N/A], 39.65 W, 67, 92 %
2026/09/25 09:51:33.561, 2171 MHz, [N/A], 38.39 W, 68, 92 %
2026/09/25 09:51:34.061, 2171 MHz, [N/A], 37.54 W, 68, 92 %
2026/09/25 09:51:34.562, 2171 MHz, [N/A], 37.64 W, 66, 92 %
2026/09/25 09:51:35.062, 2171 MHz, [N/A], 37.46 W, 68, 93 %
2026/09/25 09:51:35.562, 2171 MHz, [N/A], 37.50 W, 68, 93 %
2026/09/25 09:51:36.062, 2171 MHz, [N/A], 37.32 W, 67, 92 %
2026/09/25 09:51:36.562, 2171 MHz, [N/A], 36.82 W, 67, 92 %
2026/09/25 09:51:37.062, 2171 MHz, [N/A], 35.71 W, 67, 92 %
2026/09/25 09:51:37.563, 2171 MHz, [N/A], 36.62 W, 68, 92 %
2026/09/25 09:51:38.063, 2171 MHz, [N/A], 39.06 W, 67, 93 %
2026/09/25 09:51:38.563, 2171 MHz, [N/A], 39.76 W, 68, 93 %
2026/09/25 09:51:39.063, 2171 MHz, [N/A], 39.79 W, 69, 92 %
2026/09/25 09:51:39.563, 2171 MHz, [N/A], 39.56 W, 68, 92 %
2026/09/25 09:51:40.064, 2171 MHz, [N/A], 38.57 W, 68, 90 %
2026/09/25 09:51:40.564, 2171 MHz, [N/A], 38.35 W, 68, 90 %
2026/09/25 09:51:41.064, 2171 MHz, [N/A], 38.91 W, 68, 92 %
2026/09/25 09:51:41.564, 2171 MHz, [N/A], 39.23 W, 69, 92 %
2026/09/25 09:51:42.065, 2171 MHz, [N/A], 38.89 W, 69, 94 %
2026/09/25 09:51:42.565, 2171 MHz, [N/A], 38.24 W, 68, 94 %
2026/09/25 09:51:43.065, 2171 MHz, [N/A], 37.95 W, 67, 92 %
2026/09/25 09:51:43.565, 2171 MHz, [N/A], 38.07 W, 69, 92 %
2026/09/25 09:51:44.065, 2171 MHz, [N/A], 38.04 W, 67, 88 %
2026/09/25 09:51:44.566, 2171 MHz, [N/A], 38.23 W, 68, 88 %
2026/09/25 09:51:45.066, 2171 MHz, [N/A], 38.17 W, 69, 93 %
2026/09/25 09:51:45.566, 2171 MHz, [N/A], 38.11 W, 68, 93 %
2026/09/25 09:51:46.066, 2171 MHz, [N/A], 38.56 W, 69, 94 %
2026/09/25 09:51:46.567, 2171 MHz, [N/A], 38.39 W, 69, 94 %
2026/09/25 09:51:47.067, 2171 MHz, [N/A], 37.59 W, 68, 93 %
2026/09/25 09:51:47.567, 2171 MHz, [N/A], 36.54 W, 69, 93 %
2026/09/25 09:51:48.067, 2171 MHz, [N/A], 37.53 W, 69, 94 %
2026/09/25 09:51:48.567, 2171 MHz, [N/A], 38.89 W, 67, 94 %
2026/09/25 09:51:49.068, 2171 MHz, [N/A], 39.15 W, 69, 92 %
2026/09/25 09:51:49.568, 2171 MHz, [N/A], 39.60 W, 69, 92 %
2026/09/25 09:51:50.068, 2171 MHz, [N/A], 39.78 W, 69, 94 %
2026/09/25 09:51:50.568, 2171 MHz, [N/A], 39.29 W, 67, 94 %
2026/09/25 09:51:51.069, 2171 MHz, [N/A], 39.13 W, 68, 93 %
2026/09/25 09:51:51.569, 2171 MHz, [N/A], 39.53 W, 69, 93 %
2026/09/25 09:51:52.069, 2171 MHz, [N/A], 40.09 W, 69, 93 %
2026/09/25 09:51:52.569, 2171 MHz, [N/A], 40.05 W, 69, 93 %
2026/09/25 09:51:53.069, 2171 MHz, [N/A], 39.80 W, 69, 93 %
2026/09/25 09:51:53.570, 2171 MHz, [N/A], 39.06 W, 69, 93 %
2026/09/25 09:51:54.070, 2171 MHz, [N/A], 38.29 W, 69, 93 %
2026/09/25 09:51:54.570, 2171 MHz, [N/A], 38.51 W, 68, 93 %
2026/09/25 09:51:55.070, 2171 MHz, [N/A], 38.50 W, 69, 92 %
2026/09/25 09:51:55.571, 2171 MHz, [N/A], 38.37 W, 68, 92 %
2026/09/25 09:51:56.071, 2171 MHz, [N/A], 38.63 W, 69, 93 %
2026/09/25 09:51:56.571, 2171 MHz, [N/A], 38.29 W, 69, 93 %
2026/09/25 09:51:57.071, 2171 MHz, [N/A], 38.41 W, 69, 88 %
2026/09/25 09:51:57.571, 2171 MHz, [N/A], 38.45 W, 69, 88 %
2026/09/25 09:51:58.071, 2171 MHz, [N/A], 36.80 W, 68, 92 %
2026/09/25 09:51:58.572, 2171 MHz, [N/A], 35.72 W, 70, 92 %
2026/09/25 09:51:59.072, 2171 MHz, [N/A], 37.66 W, 70, 94 %
2026/09/25 09:51:59.572, 2171 MHz, [N/A], 39.65 W, 69, 94 %
2026/09/25 09:52:00.072, 2171 MHz, [N/A], 40.03 W, 70, 93 %
2026/09/25 09:52:00.573, 2171 MHz, [N/A], 40.13 W, 69, 93 %
2026/09/25 09:52:01.073, 2171 MHz, [N/A], 40.19 W, 70, 91 %
2026/09/25 09:52:01.573, 2171 MHz, [N/A], 40.33 W, 70, 91 %
2026/09/25 09:52:02.073, 2171 MHz, [N/A], 40.47 W, 70, 93 %
2026/09/25 09:52:02.574, 2171 MHz, [N/A], 40.59 W, 69, 93 %
2026/09/25 09:52:03.074, 2171 MHz, [N/A], 40.18 W, 69, 91 %
2026/09/25 09:52:03.574, 2171 MHz, [N/A], 40.25 W, 70, 91 %
2026/09/25 09:52:04.074, 2171 MHz, [N/A], 40.96 W, 70, 93 %
2026/09/25 09:52:04.574, 2171 MHz, [N/A], 39.70 W, 69, 93 %
2026/09/25 09:52:05.075, 2171 MHz, [N/A], 38.04 W, 69, 90 %
2026/09/25 09:52:05.575, 2171 MHz, [N/A], 37.09 W, 69, 90 %
2026/09/25 09:52:06.075, 2171 MHz, [N/A], 37.83 W, 69, 93 %
2026/09/25 09:52:06.575, 2171 MHz, [N/A], 38.30 W, 70, 93 %
2026/09/25 09:52:07.076, 2171 MHz, [N/A], 38.44 W, 70, 93 %
2026/09/25 09:52:07.576, 2171 MHz, [N/A], 39.46 W, 69, 93 %
2026/09/25 09:52:08.076, 2171 MHz, [N/A], 38.67 W, 70, 93 %
2026/09/25 09:52:08.576, 2171 MHz, [N/A], 37.58 W, 70, 93 %
2026/09/25 09:52:09.076, 2171 MHz, [N/A], 37.54 W, 70, 91 %
2026/09/25 09:52:09.577, 2171 MHz, [N/A], 38.99 W, 69, 91 %
2026/09/25 09:52:10.077, 2171 MHz, [N/A], 39.61 W, 70, 93 %
2026/09/25 09:52:10.577, 2171 MHz, [N/A], 38.74 W, 70, 93 %
2026/09/25 09:52:11.077, 2171 MHz, [N/A], 38.60 W, 70, 94 %
2026/09/25 09:52:11.577, 2171 MHz, [N/A], 37.89 W, 69, 94 %
2026/09/25 09:52:12.077, 2171 MHz, [N/A], 36.99 W, 70, 93 %
2026/09/25 09:52:12.578, 2171 MHz, [N/A], 36.16 W, 68, 93 %
2026/09/25 09:52:13.078, 2171 MHz, [N/A], 36.37 W, 70, 89 %
2026/09/25 09:52:13.578, 2171 MHz, [N/A], 36.69 W, 70, 89 %
2026/09/25 09:52:14.078, 2171 MHz, [N/A], 36.29 W, 70, 93 %
2026/09/25 09:52:14.579, 2171 MHz, [N/A], 35.42 W, 70, 93 %
2026/09/25 09:52:15.079, 2171 MHz, [N/A], 36.63 W, 70, 90 %
2026/09/25 09:52:15.579, 2171 MHz, [N/A], 37.46 W, 70, 90 %
2026/09/25 09:52:16.079, 2171 MHz, [N/A], 37.34 W, 69, 93 %
2026/09/25 09:52:16.579, 2171 MHz, [N/A], 37.75 W, 70, 93 %
2026/09/25 09:52:17.080, 2171 MHz, [N/A], 38.18 W, 70, 93 %
2026/09/25 09:52:17.580, 2171 MHz, [N/A], 38.56 W, 70, 93 %
2026/09/25 09:52:18.080, 2171 MHz, [N/A], 38.72 W, 69, 93 %
2026/09/25 09:52:18.580, 2171 MHz, [N/A], 37.08 W, 69, 93 %
2026/09/25 09:52:19.080, 2171 MHz, [N/A], 35.97 W, 69, 92 %
2026/09/25 09:52:19.580, 2171 MHz, [N/A], 37.02 W, 70, 92 %
2026/09/25 09:52:20.081, 2171 MHz, [N/A], 35.64 W, 69, 88 %
2026/09/25 09:52:20.581, 2171 MHz, [N/A], 34.04 W, 69, 88 %
2026/09/25 09:52:21.081, 2171 MHz, [N/A], 33.65 W, 68, 90 %
2026/09/25 09:52:21.581, 2171 MHz, [N/A], 35.16 W, 69, 90 %
2026/09/25 09:52:22.081, 2171 MHz, [N/A], 37.58 W, 70, 93 %
2026/09/25 09:52:22.582, 2171 MHz, [N/A], 38.15 W, 69, 93 %
2026/09/25 09:52:23.082, 2171 MHz, [N/A], 38.44 W, 70, 91 %
2026/09/25 09:52:23.582, 2171 MHz, [N/A], 38.34 W, 69, 91 %
2026/09/25 09:52:24.082, 2171 MHz, [N/A], 38.17 W, 71, 92 %
2026/09/25 09:52:24.582, 2171 MHz, [N/A], 38.26 W, 70, 92 %
2026/09/25 09:52:25.083, 2171 MHz, [N/A], 38.32 W, 70, 93 %
2026/09/25 09:52:25.583, 2171 MHz, [N/A], 37.86 W, 70, 93 %
2026/09/25 09:52:26.083, 2171 MHz, [N/A], 38.13 W, 70, 88 %
2026/09/25 09:52:26.583, 2171 MHz, [N/A], 38.62 W, 70, 88 %
2026/09/25 09:52:27.083, 2171 MHz, [N/A], 38.28 W, 70, 93 %
2026/09/25 09:52:27.583, 2171 MHz, [N/A], 37.64 W, 70, 93 %
2026/09/25 09:52:28.084, 2171 MHz, [N/A], 37.36 W, 70, 93 %
2026/09/25 09:52:28.584, 2171 MHz, [N/A], 37.76 W, 69, 93 %
2026/09/25 09:52:29.084, 2171 MHz, [N/A], 38.04 W, 69, 93 %
2026/09/25 09:52:29.584, 2171 MHz, [N/A], 36.64 W, 70, 93 %
2026/09/25 09:52:30.084, 2171 MHz, [N/A], 36.16 W, 69, 93 %
2026/09/25 09:52:30.584, 2171 MHz, [N/A], 37.24 W, 68, 93 %
2026/09/25 09:52:31.085, 2171 MHz, [N/A], 37.17 W, 70, 93 %
2026/09/25 09:52:31.585, 2171 MHz, [N/A], 37.51 W, 69, 93 %
2026/09/25 09:52:32.085, 2171 MHz, [N/A], 37.78 W, 70, 93 %
2026/09/25 09:52:32.585, 2171 MHz, [N/A], 37.29 W, 70, 93 %
2026/09/25 09:52:33.085, 2171 MHz, [N/A], 37.99 W, 70, 86 %
2026/09/25 09:52:33.586, 2171 MHz, [N/A], 37.19 W, 69, 86 %
2026/09/25 09:52:34.086, 2171 MHz, [N/A], 34.85 W, 69, 91 %
2026/09/25 09:52:34.586, 2171 MHz, [N/A], 33.58 W, 69, 91 %
2026/09/25 09:52:35.086, 2171 MHz, [N/A], 33.66 W, 69, 93 %
2026/09/25 09:52:35.587, 2171 MHz, [N/A], 34.24 W, 69, 93 %
2026/09/25 09:52:36.087, 2171 MHz, [N/A], 33.52 W, 69, 93 %
2026/09/25 09:52:36.587, 2171 MHz, [N/A], 33.27 W, 67, 93 %
2026/09/25 09:52:37.087, 2171 MHz, [N/A], 33.69 W, 69, 93 %
2026/09/25 09:52:37.588, 2171 MHz, [N/A], 35.08 W, 69, 93 %
2026/09/25 09:52:38.088, 2171 MHz, [N/A], 37.23 W, 69, 89 %
2026/09/25 09:52:38.588, 2171 MHz, [N/A], 38.39 W, 70, 89 %
2026/09/25 09:52:39.088, 2171 MHz, [N/A], 38.76 W, 70, 94 %
2026/09/25 09:52:39.589, 2171 MHz, [N/A], 38.35 W, 69, 94 %
2026/09/25 09:52:40.089, 2171 MHz, [N/A], 38.33 W, 68, 92 %
2026/09/25 09:52:40.589, 2171 MHz, [N/A], 38.26 W, 70, 92 %
2026/09/25 09:52:41.089, 2171 MHz, [N/A], 39.24 W, 69, 92 %
2026/09/25 09:52:41.589, 2171 MHz, [N/A], 40.10 W, 70, 92 %
2026/09/25 09:52:42.090, 2171 MHz, [N/A], 39.37 W, 67, 90 %
2026/09/25 09:52:42.590, 2171 MHz, [N/A], 38.41 W, 69, 90 %
2026/09/25 09:52:43.090, 2171 MHz, [N/A], 38.04 W, 67, 87 %
2026/09/25 09:52:43.590, 2171 MHz, [N/A], 38.23 W, 69, 87 %
2026/09/25 09:52:44.091, 2171 MHz, [N/A], 38.80 W, 69, 93 %
2026/09/25 09:52:44.591, 2171 MHz, [N/A], 34.10 W, 66, 93 %
2026/09/25 09:52:45.091, 2171 MHz, [N/A], 29.41 W, 66, 63 %
2026/09/25 09:52:45.591, 2171 MHz, [N/A], 31.81 W, 67, 63 %
2026/09/25 09:52:46.091, 2171 MHz, [N/A], 32.29 W, 67, 61 %
2026/09/25 09:52:46.591, 2171 MHz, [N/A], 29.58 W, 67, 61 %
2026/09/25 09:52:47.092, 2171 MHz, [N/A], 32.74 W, 69, 93 %
2026/09/25 09:52:47.592, 2171 MHz, [N/A], 38.08 W, 68, 93 %
2026/09/25 09:52:48.092, 2171 MHz, [N/A], 38.88 W, 69, 93 %
2026/09/25 09:52:48.592, 2171 MHz, [N/A], 39.21 W, 69, 93 %
2026/09/25 09:52:49.093, 2171 MHz, [N/A], 39.31 W, 69, 93 %
2026/09/25 09:52:49.593, 2171 MHz, [N/A], 39.35 W, 69, 93 %
2026/09/25 09:52:50.093, 2171 MHz, [N/A], 39.48 W, 69, 93 %
2026/09/25 09:52:50.593, 2171 MHz, [N/A], 39.11 W, 69, 93 %
2026/09/25 09:52:51.093, 2171 MHz, [N/A], 38.06 W, 68, 93 %
2026/09/25 09:52:51.594, 2171 MHz, [N/A], 37.49 W, 67, 93 %
2026/09/25 09:52:52.094, 2171 MHz, [N/A], 38.20 W, 68, 89 %
2026/09/25 09:52:52.594, 2171 MHz, [N/A], 38.50 W, 69, 89 %
2026/09/25 09:52:53.094, 2171 MHz, [N/A], 38.29 W, 68, 90 %
2026/09/25 09:52:53.594, 2171 MHz, [N/A], 38.38 W, 69, 90 %
2026/09/25 09:52:54.095, 2171 MHz, [N/A], 37.82 W, 67, 93 %
2026/09/25 09:52:54.595, 2171 MHz, [N/A], 35.51 W, 68, 93 %
2026/09/25 09:52:55.095, 2171 MHz, [N/A], 34.17 W, 68, 89 %
2026/09/25 09:52:55.595, 2171 MHz, [N/A], 36.67 W, 68, 89 %
2026/09/25 09:52:56.096, 2171 MHz, [N/A], 38.86 W, 68, 93 %
2026/09/25 09:52:56.596, 2171 MHz, [N/A], 38.96 W, 69, 93 %
2026/09/25 09:52:57.096, 2171 MHz, [N/A], 39.01 W, 68, 93 %
2026/09/25 09:52:57.596, 2171 MHz, [N/A], 38.75 W, 68, 93 %
2026/09/25 09:52:58.096, 2171 MHz, [N/A], 38.65 W, 69, 93 %
2026/09/25 09:52:58.597, 2171 MHz, [N/A], 38.69 W, 69, 93 %
2026/09/25 09:52:59.097, 2171 MHz, [N/A], 38.75 W, 68, 93 %
2026/09/25 09:52:59.597, 2171 MHz, [N/A], 38.23 W, 68, 93 %
2026/09/25 09:53:00.097, 2171 MHz, [N/A], 37.85 W, 68, 92 %
2026/09/25 09:53:00.597, 2171 MHz, [N/A], 38.26 W, 69, 92 %
2026/09/25 09:53:01.097, 2171 MHz, [N/A], 38.25 W, 67, 92 %
2026/09/25 09:53:01.598, 2171 MHz, [N/A], 38.66 W, 69, 92 %
2026/09/25 09:53:02.098, 2171 MHz, [N/A], 38.19 W, 68, 93 %
2026/09/25 09:53:02.598, 2171 MHz, [N/A], 35.57 W, 68, 93 %
2026/09/25 09:53:03.098, 2171 MHz, [N/A], 35.50 W, 68, 92 %
2026/09/25 09:53:03.598, 2171 MHz, [N/A], 38.21 W, 69, 92 %
2026/09/25 09:53:04.098, 2171 MHz, [N/A], 39.35 W, 68, 92 %
2026/09/25 09:53:04.599, 2171 MHz, [N/A], 38.54 W, 68, 92 %
2026/09/25 09:53:05.099, 2171 MHz, [N/A], 37.59 W, 68, 92 %
2026/09/25 09:53:05.599, 2171 MHz, [N/A], 36.52 W, 68, 92 %
2026/09/25 09:53:06.099, 2171 MHz, [N/A], 35.60 W, 68, 92 %
2026/09/25 09:53:06.599, 2171 MHz, [N/A], 36.00 W, 68, 92 %
2026/09/25 09:53:07.100, 2171 MHz, [N/A], 36.60 W, 68, 93 %
2026/09/25 09:53:07.600, 2171 MHz, [N/A], 36.47 W, 69, 93 %
2026/09/25 09:53:08.100, 2171 MHz, [N/A], 37.53 W, 69, 93 %
2026/09/25 09:53:08.600, 2171 MHz, [N/A], 37.64 W, 69, 93 %
2026/09/25 09:53:09.100, 2171 MHz, [N/A], 38.12 W, 69, 93 %
2026/09/25 09:53:09.600, 2171 MHz, [N/A], 38.84 W, 69, 93 %
2026/09/25 09:53:10.101, 2171 MHz, [N/A], 38.85 W, 69, 94 %
2026/09/25 09:53:10.601, 2171 MHz, [N/A], 40.04 W, 69, 94 %
2026/09/25 09:53:11.101, 2171 MHz, [N/A], 39.60 W, 67, 88 %
2026/09/25 09:53:11.601, 2171 MHz, [N/A], 36.92 W, 69, 88 %
2026/09/25 09:53:12.101, 2171 MHz, [N/A], 37.39 W, 69, 93 %
2026/09/25 09:53:12.601, 2171 MHz, [N/A], 38.71 W, 69, 93 %
2026/09/25 09:53:13.102, 2171 MHz, [N/A], 39.19 W, 68, 91 %
2026/09/25 09:53:13.602, 2171 MHz, [N/A], 40.34 W, 69, 91 %
2026/09/25 09:53:14.102, 2171 MHz, [N/A], 40.22 W, 69, 91 %
2026/09/25 09:53:14.602, 2171 MHz, [N/A], 39.49 W, 67, 91 %
2026/09/25 09:53:15.102, 2171 MHz, [N/A], 39.58 W, 69, 93 %
2026/09/25 09:53:15.603, 2171 MHz, [N/A], 40.61 W, 69, 93 %
2026/09/25 09:53:16.103, 2171 MHz, [N/A], 41.53 W, 69, 93 %
2026/09/25 09:53:16.603, 2171 MHz, [N/A], 42.21 W, 69, 93 %
2026/09/25 09:53:17.104, 2171 MHz, [N/A], 42.91 W, 69, 93 %
2026/09/25 09:53:17.604, 2171 MHz, [N/A], 41.79 W, 69, 93 %
2026/09/25 09:53:18.104, 2171 MHz, [N/A], 39.51 W, 69, 93 %
2026/09/25 09:53:18.605, 2171 MHz, [N/A], 40.54 W, 69, 93 %
2026/09/25 09:53:19.105, 2171 MHz, [N/A], 42.59 W, 70, 95 %
2026/09/25 09:53:19.605, 2171 MHz, [N/A], 41.83 W, 69, 95 %
2026/09/25 09:53:20.105, 2171 MHz, [N/A], 40.97 W, 69, 93 %
2026/09/25 09:53:20.605, 2171 MHz, [N/A], 40.97 W, 69, 93 %
2026/09/25 09:53:21.105, 2171 MHz, [N/A], 40.66 W, 69, 93 %
2026/09/25 09:53:21.606, 2171 MHz, [N/A], 40.33 W, 68, 93 %
2026/09/25 09:53:22.106, 2171 MHz, [N/A], 40.75 W, 69, 93 %
2026/09/25 09:53:22.606, 2171 MHz, [N/A], 41.96 W, 69, 93 %
2026/09/25 09:53:23.106, 2171 MHz, [N/A], 41.71 W, 67, 92 %
2026/09/25 09:53:23.607, 2171 MHz, [N/A], 41.11 W, 69, 92 %
2026/09/25 09:53:24.107, 2171 MHz, [N/A], 38.16 W, 68, 77 %
2026/09/25 09:53:24.607, 2171 MHz, [N/A], 37.71 W, 68, 77 %
2026/09/25 09:53:25.107, 2171 MHz, [N/A], 40.89 W, 69, 93 %
2026/09/25 09:53:25.607, 2171 MHz, [N/A], 41.96 W, 69, 93 %
2026/09/25 09:53:26.107, 2171 MHz, [N/A], 42.17 W, 69, 93 %
2026/09/25 09:53:26.608, 2171 MHz, [N/A], 42.12 W, 69, 93 %
2026/09/25 09:53:27.108, 2171 MHz, [N/A], 42.11 W, 69, 94 %
2026/09/25 09:53:27.608, 2171 MHz, [N/A], 41.97 W, 68, 94 %
2026/09/25 09:53:28.108, 2171 MHz, [N/A], 41.19 W, 69, 93 %
2026/09/25 09:53:28.608, 2171 MHz, [N/A], 41.71 W, 69, 93 %
2026/09/25 09:53:29.109, 2171 MHz, [N/A], 41.83 W, 69, 93 %
2026/09/25 09:53:29.609, 2171 MHz, [N/A], 41.46 W, 69, 93 %
2026/09/25 09:53:30.109, 2171 MHz, [N/A], 41.88 W, 69, 93 %
2026/09/25 09:53:30.609, 2171 MHz, [N/A], 39.78 W, 69, 93 %
2026/09/25 09:53:31.109, 2171 MHz, [N/A], 37.80 W, 70, 92 %
2026/09/25 09:53:31.610, 2171 MHz, [N/A], 39.68 W, 67, 92 %
2026/09/25 09:53:32.110, 2171 MHz, [N/A], 41.30 W, 68, 91 %
2026/09/25 09:53:32.610, 2171 MHz, [N/A], 41.73 W, 68, 91 %
2026/09/25 09:53:33.110, 2171 MHz, [N/A], 42.04 W, 69, 92 %
2026/09/25 09:53:33.610, 2171 MHz, [N/A], 42.24 W, 70, 92 %
2026/09/25 09:53:34.110, 2171 MHz, [N/A], 40.83 W, 69, 92 %
2026/09/25 09:53:34.611, 2171 MHz, [N/A], 39.98 W, 69, 92 %
2026/09/25 09:53:35.111, 2171 MHz, [N/A], 41.22 W, 69, 93 %
2026/09/25 09:53:35.611, 2171 MHz, [N/A], 41.93 W, 70, 93 %
2026/09/25 09:53:36.111, 2171 MHz, [N/A], 42.31 W, 69, 90 %
2026/09/25 09:53:36.612, 2171 MHz, [N/A], 42.54 W, 69, 90 %
2026/09/25 09:53:37.112, 2171 MHz, [N/A], 39.65 W, 68, 92 %
2026/09/25 09:53:37.612, 2171 MHz, [N/A], 37.75 W, 69, 92 %
2026/09/25 09:53:38.112, 2171 MHz, [N/A], 39.18 W, 69, 92 %
2026/09/25 09:53:38.612, 2171 MHz, [N/A], 40.15 W, 69, 92 %
2026/09/25 09:53:39.112, 2171 MHz, [N/A], 40.52 W, 67, 93 %
2026/09/25 09:53:39.613, 2171 MHz, [N/A], 39.63 W, 68, 93 %
2026/09/25 09:53:40.113, 2171 MHz, [N/A], 38.89 W, 69, 94 %
2026/09/25 09:53:40.613, 2171 MHz, [N/A], 39.27 W, 69, 94 %
2026/09/25 09:53:41.113, 2171 MHz, [N/A], 38.97 W, 69, 92 %
2026/09/25 09:53:41.613, 2171 MHz, [N/A], 39.53 W, 69, 92 %
2026/09/25 09:53:42.114, 2171 MHz, [N/A], 40.51 W, 70, 94 %
2026/09/25 09:53:42.614, 2171 MHz, [N/A], 39.92 W, 69, 94 %
2026/09/25 09:53:43.114, 2171 MHz, [N/A], 38.61 W, 69, 94 %
2026/09/25 09:53:43.614, 2171 MHz, [N/A], 37.43 W, 68, 94 %
2026/09/25 09:53:44.114, 2171 MHz, [N/A], 36.03 W, 68, 91 %
2026/09/25 09:53:44.615, 2171 MHz, [N/A], 34.88 W, 68, 91 %
2026/09/25 09:53:45.115, 2171 MHz, [N/A], 34.87 W, 68, 91 %
2026/09/25 09:53:45.615, 2171 MHz, [N/A], 34.61 W, 68, 91 %
2026/09/25 09:53:46.115, 2171 MHz, [N/A], 35.07 W, 68, 93 %
2026/09/25 09:53:46.615, 2171 MHz, [N/A], 34.78 W, 68, 93 %
2026/09/25 09:53:47.116, 2171 MHz, [N/A], 34.84 W, 68, 92 %
2026/09/25 09:53:47.616, 2171 MHz, [N/A], 36.06 W, 69, 92 %
2026/09/25 09:53:48.116, 2171 MHz, [N/A], 35.31 W, 68, 93 %
2026/09/25 09:53:48.616, 2171 MHz, [N/A], 33.49 W, 68, 93 %
